sequence_id,read1,read2,cell,sample,sample_type,sample_type_long,sequencing_run
plate0_A10_FP16_WS_FP,/data/wohllab/2025.07.10_fp/input/Filter_Paper_Sequencing_Run_1_061325/A10_FP16_WS_FP_S1_L001_R1_001.fastq.gz,/data/wohllab/2025.07.10_fp/input/Filter_Paper_Sequencing_Run_1_061325/A10_FP16_WS_FP_S1_L001_R2_001.fastq.gz,plate0-A10,FP16,WS_FP,WS FP,Filter_Paper_Sequencing_Run_1_061325
plate0_A11_FP17_WS_FP,/data/wohllab/2025.07.10_fp/input/Filter_Paper_Sequencing_Run_1_061325/A11_FP17_WS_FP_S94_L001_R1_001.fastq.gz,/data/wohllab/2025.07.10_fp/input/Filter_Paper_Sequencing_Run_1_061325/A11_FP17_WS_FP_S94_L001_R2_001.fastq.gz,plate0-A11,FP17,WS_FP,WS FP,Filter_Paper_Sequencing_Run_1_061325
plate0_A12_FP24_WS_FP,/data/wohllab/2025.07.10_fp/input/Filter_Paper_Sequencing_Run_1_061325/A12_FP24_WS_FP_S77_L001_R1_001.fastq.gz,/data/wohllab/2025.07.10_fp/input/Filter_Paper_Sequencing_Run_1_061325/A12_FP24_WS_FP_S77_L001_R2_001.fastq.gz,plate0-A12,FP24,WS_FP,WS FP,Filter_Paper_Sequencing_Run_1_061325
plate0_A1_FP01_WS_FP,/data/wohllab/2025.07.10_fp/input/Filter_Paper_Sequencing_Run_1_061325/A1_FP01_WS_FP_S32_L001_R1_001.fastq.gz,/data/wohllab/2025.07.10_fp/input/Filter_Paper_Sequencing_Run_1_061325/A1_FP01_WS_FP_S32_L001_R2_001.fastq.gz,plate0-A1,FP01,WS_FP,WS FP,Filter_Paper_Sequencing_Run_1_061325
plate0_A2_FP03_WS_FP,/data/wohllab/2025.07.10_fp/input/Filter_Paper_Sequencing_Run_1_061325/A2_FP03_WS_FP_S13_L001_R1_001.fastq.gz,/data/wohllab/2025.07.10_fp/input/Filter_Paper_Sequencing_Run_1_061325/A2_FP03_WS_FP_S13_L001_R2_001.fastq.gz,plate0-A2,FP03,WS_FP,WS FP,Filter_Paper_Sequencing_Run_1_061325
plate0_A3_FP05_WS_FP,/data/wohllab/2025.07.10_fp/input/Filter_Paper_Sequencing_Run_1_061325/A3_FP05_WS_FP_S17_L001_R1_001.fastq.gz,/data/wohllab/2025.07.10_fp/input/Filter_Paper_Sequencing_Run_1_061325/A3_FP05_WS_FP_S17_L001_R2_001.fastq.gz,plate0-A3,FP05,WS_FP,WS FP,Filter_Paper_Sequencing_Run_1_061325
plate0_A4_FP06_WS_FP,/data/wohllab/2025.07.10_fp/input/Filter_Paper_Sequencing_Run_1_061325/A4_FP06_WS_FP_S31_L001_R1_001.fastq.gz,/data/wohllab/2025.07.10_fp/input/Filter_Paper_Sequencing_Run_1_061325/A4_FP06_WS_FP_S31_L001_R2_001.fastq.gz,plate0-A4,FP06,WS_FP,WS FP,Filter_Paper_Sequencing_Run_1_061325
plate0_A5_FP08_WS_FP,/data/wohllab/2025.07.10_fp/input/Filter_Paper_Sequencing_Run_1_061325/A5_FP08_WS_FP_S51_L001_R1_001.fastq.gz,/data/wohllab/2025.07.10_fp/input/Filter_Paper_Sequencing_Run_1_061325/A5_FP08_WS_FP_S51_L001_R2_001.fastq.gz,plate0-A5,FP08,WS_FP,WS FP,Filter_Paper_Sequencing_Run_1_061325
plate0_A6_FP09_WS_FP,/data/wohllab/2025.07.10_fp/input/Filter_Paper_Sequencing_Run_1_061325/A6_FP09_WS_FP_S84_L001_R1_001.fastq.gz,/data/wohllab/2025.07.10_fp/input/Filter_Paper_Sequencing_Run_1_061325/A6_FP09_WS_FP_S84_L001_R2_001.fastq.gz,plate0-A6,FP09,WS_FP,WS FP,Filter_Paper_Sequencing_Run_1_061325
plate0_A7_FP12_WS_FP,/data/wohllab/2025.07.10_fp/input/Filter_Paper_Sequencing_Run_1_061325/A7_FP12_WS_FP_S86_L001_R1_001.fastq.gz,/data/wohllab/2025.07.10_fp/input/Filter_Paper_Sequencing_Run_1_061325/A7_FP12_WS_FP_S86_L001_R2_001.fastq.gz,plate0-A7,FP12,WS_FP,WS FP,Filter_Paper_Sequencing_Run_1_061325
plate0_A8_FP13_WS_FP,/data/wohllab/2025.07.10_fp/input/Filter_Paper_Sequencing_Run_1_061325/A8_FP13_WS_FP_S96_L001_R1_001.fastq.gz,/data/wohllab/2025.07.10_fp/input/Filter_Paper_Sequencing_Run_1_061325/A8_FP13_WS_FP_S96_L001_R2_001.fastq.gz,plate0-A8,FP13,WS_FP,WS FP,Filter_Paper_Sequencing_Run_1_061325
plate0_A9_FP14_WS_FP,/data/wohllab/2025.07.10_fp/input/Filter_Paper_Sequencing_Run_1_061325/A9_FP14_WS_FP_S67_L001_R1_001.fastq.gz,/data/wohllab/2025.07.10_fp/input/Filter_Paper_Sequencing_Run_1_061325/A9_FP14_WS_FP_S67_L001_R2_001.fastq.gz,plate0-A9,FP14,WS_FP,WS FP,Filter_Paper_Sequencing_Run_1_061325
plate0_B10_FP16_WS_Q,/data/wohllab/2025.07.10_fp/input/Filter_Paper_Sequencing_Run_1_061325/B10_FP16_WS_Q_S62_L001_R1_001.fastq.gz,/data/wohllab/2025.07.10_fp/input/Filter_Paper_Sequencing_Run_1_061325/B10_FP16_WS_Q_S62_L001_R2_001.fastq.gz,plate0-B10,FP16,WS_Q,WS Qiagen,Filter_Paper_Sequencing_Run_1_061325
plate0_B11_FP17_WS_Q,/data/wohllab/2025.07.10_fp/input/Filter_Paper_Sequencing_Run_1_061325/B11_FP17_WS_Q_S68_L001_R1_001.fastq.gz,/data/wohllab/2025.07.10_fp/input/Filter_Paper_Sequencing_Run_1_061325/B11_FP17_WS_Q_S68_L001_R2_001.fastq.gz,plate0-B11,FP17,WS_Q,WS Qiagen,Filter_Paper_Sequencing_Run_1_061325
plate0_B1_FP01_WS_Q,/data/wohllab/2025.07.10_fp/input/Filter_Paper_Sequencing_Run_1_061325/B1_FP01_WS_Q_S85_L001_R1_001.fastq.gz,/data/wohllab/2025.07.10_fp/input/Filter_Paper_Sequencing_Run_1_061325/B1_FP01_WS_Q_S85_L001_R2_001.fastq.gz,plate0-B1,FP01,WS_Q,WS Qiagen,Filter_Paper_Sequencing_Run_1_061325
plate0_B2_FP03_WS_Q,/data/wohllab/2025.07.10_fp/input/Filter_Paper_Sequencing_Run_1_061325/B2_FP03_WS_Q_S59_L001_R1_001.fastq.gz,/data/wohllab/2025.07.10_fp/input/Filter_Paper_Sequencing_Run_1_061325/B2_FP03_WS_Q_S59_L001_R2_001.fastq.gz,plate0-B2,FP03,WS_Q,WS Qiagen,Filter_Paper_Sequencing_Run_1_061325
plate0_B3_FP05_WS_Q,/data/wohllab/2025.07.10_fp/input/Filter_Paper_Sequencing_Run_1_061325/B3_FP05_WS_Q_S44_L001_R1_001.fastq.gz,/data/wohllab/2025.07.10_fp/input/Filter_Paper_Sequencing_Run_1_061325/B3_FP05_WS_Q_S44_L001_R2_001.fastq.gz,plate0-B3,FP05,WS_Q,WS Qiagen,Filter_Paper_Sequencing_Run_1_061325
plate0_B4_FP06_WS_Q,/data/wohllab/2025.07.10_fp/input/Filter_Paper_Sequencing_Run_1_061325/B4_FP06_WS_Q_S82_L001_R1_001.fastq.gz,/data/wohllab/2025.07.10_fp/input/Filter_Paper_Sequencing_Run_1_061325/B4_FP06_WS_Q_S82_L001_R2_001.fastq.gz,plate0-B4,FP06,WS_Q,WS Qiagen,Filter_Paper_Sequencing_Run_1_061325
plate0_B5_FP08_WS_Q,/data/wohllab/2025.07.10_fp/input/Filter_Paper_Sequencing_Run_1_061325/B5_FP08_WS_Q_S61_L001_R1_001.fastq.gz,/data/wohllab/2025.07.10_fp/input/Filter_Paper_Sequencing_Run_1_061325/B5_FP08_WS_Q_S61_L001_R2_001.fastq.gz,plate0-B5,FP08,WS_Q,WS Qiagen,Filter_Paper_Sequencing_Run_1_061325
plate0_B6_FP09_WS_Q,/data/wohllab/2025.07.10_fp/input/Filter_Paper_Sequencing_Run_1_061325/B6_FP09_WS_Q_S27_L001_R1_001.fastq.gz,/data/wohllab/2025.07.10_fp/input/Filter_Paper_Sequencing_Run_1_061325/B6_FP09_WS_Q_S27_L001_R2_001.fastq.gz,plate0-B6,FP09,WS_Q,WS Qiagen,Filter_Paper_Sequencing_Run_1_061325
plate0_B7_FP12_WS_Q,/data/wohllab/2025.07.10_fp/input/Filter_Paper_Sequencing_Run_1_061325/B7_FP12_WS_Q_S48_L001_R1_001.fastq.gz,/data/wohllab/2025.07.10_fp/input/Filter_Paper_Sequencing_Run_1_061325/B7_FP12_WS_Q_S48_L001_R2_001.fastq.gz,plate0-B7,FP12,WS_Q,WS Qiagen,Filter_Paper_Sequencing_Run_1_061325
plate0_B8_FP13_WS_Q,/data/wohllab/2025.07.10_fp/input/Filter_Paper_Sequencing_Run_1_061325/B8_FP13_WS_Q_S78_L001_R1_001.fastq.gz,/data/wohllab/2025.07.10_fp/input/Filter_Paper_Sequencing_Run_1_061325/B8_FP13_WS_Q_S78_L001_R2_001.fastq.gz,plate0-B8,FP13,WS_Q,WS Qiagen,Filter_Paper_Sequencing_Run_1_061325
plate0_B9_FP14_WS_Q,/data/wohllab/2025.07.10_fp/input/Filter_Paper_Sequencing_Run_1_061325/B9_FP14_WS_Q_S16_L001_R1_001.fastq.gz,/data/wohllab/2025.07.10_fp/input/Filter_Paper_Sequencing_Run_1_061325/B9_FP14_WS_Q_S16_L001_R2_001.fastq.gz,plate0-B9,FP14,WS_Q,WS Qiagen,Filter_Paper_Sequencing_Run_1_061325
plate0_C10_FP16_WS_RDT,/data/wohllab/2025.07.10_fp/input/Filter_Paper_Sequencing_Run_1_061325/C10_FP16_WS_RDT_S19_L001_R1_001.fastq.gz,/data/wohllab/2025.07.10_fp/input/Filter_Paper_Sequencing_Run_1_061325/C10_FP16_WS_RDT_S19_L001_R2_001.fastq.gz,plate0-C10,FP16,WS_RDT,WS RDT,Filter_Paper_Sequencing_Run_1_061325
plate0_C11_FP17_WS_RDT,/data/wohllab/2025.07.10_fp/input/Filter_Paper_Sequencing_Run_1_061325/C11_FP17_WS_RDT_S57_L001_R1_001.fastq.gz,/data/wohllab/2025.07.10_fp/input/Filter_Paper_Sequencing_Run_1_061325/C11_FP17_WS_RDT_S57_L001_R2_001.fastq.gz,plate0-C11,FP17,WS_RDT,WS RDT,Filter_Paper_Sequencing_Run_1_061325
plate0_C12_FP24_WS_RDT,/data/wohllab/2025.07.10_fp/input/Filter_Paper_Sequencing_Run_1_061325/C12_FP24_WS_RDT_S88_L001_R1_001.fastq.gz,/data/wohllab/2025.07.10_fp/input/Filter_Paper_Sequencing_Run_1_061325/C12_FP24_WS_RDT_S88_L001_R2_001.fastq.gz,plate0-C12,FP24,WS_RDT,WS RDT,Filter_Paper_Sequencing_Run_1_061325
plate0_C1_FP01_WS_RDT,/data/wohllab/2025.07.10_fp/input/Filter_Paper_Sequencing_Run_1_061325/C1_FP01_WS_RDT_S81_L001_R1_001.fastq.gz,/data/wohllab/2025.07.10_fp/input/Filter_Paper_Sequencing_Run_1_061325/C1_FP01_WS_RDT_S81_L001_R2_001.fastq.gz,plate0-C1,FP01,WS_RDT,WS RDT,Filter_Paper_Sequencing_Run_1_061325
plate0_C2_FP03_WS_RDT,/data/wohllab/2025.07.10_fp/input/Filter_Paper_Sequencing_Run_1_061325/C2_FP03_WS_RDT_S38_L001_R1_001.fastq.gz,/data/wohllab/2025.07.10_fp/input/Filter_Paper_Sequencing_Run_1_061325/C2_FP03_WS_RDT_S38_L001_R2_001.fastq.gz,plate0-C2,FP03,WS_RDT,WS RDT,Filter_Paper_Sequencing_Run_1_061325
plate0_C3_FP05_WS_RDT,/data/wohllab/2025.07.10_fp/input/Filter_Paper_Sequencing_Run_1_061325/C3_FP05_WS_RDT_S42_L001_R1_001.fastq.gz,/data/wohllab/2025.07.10_fp/input/Filter_Paper_Sequencing_Run_1_061325/C3_FP05_WS_RDT_S42_L001_R2_001.fastq.gz,plate0-C3,FP05,WS_RDT,WS RDT,Filter_Paper_Sequencing_Run_1_061325
plate0_C4_FP06_WS_RDT,/data/wohllab/2025.07.10_fp/input/Filter_Paper_Sequencing_Run_1_061325/C4_FP06_WS_RDT_S79_L001_R1_001.fastq.gz,/data/wohllab/2025.07.10_fp/input/Filter_Paper_Sequencing_Run_1_061325/C4_FP06_WS_RDT_S79_L001_R2_001.fastq.gz,plate0-C4,FP06,WS_RDT,WS RDT,Filter_Paper_Sequencing_Run_1_061325
plate0_C5_FP08_WS_RDT,/data/wohllab/2025.07.10_fp/input/Filter_Paper_Sequencing_Run_1_061325/C5_FP08_WS_RDT_S73_L001_R1_001.fastq.gz,/data/wohllab/2025.07.10_fp/input/Filter_Paper_Sequencing_Run_1_061325/C5_FP08_WS_RDT_S73_L001_R2_001.fastq.gz,plate0-C5,FP08,WS_RDT,WS RDT,Filter_Paper_Sequencing_Run_1_061325
plate0_C6_FP09_WS_RDT,/data/wohllab/2025.07.10_fp/input/Filter_Paper_Sequencing_Run_1_061325/C6_FP09_WS_RDT_S20_L001_R1_001.fastq.gz,/data/wohllab/2025.07.10_fp/input/Filter_Paper_Sequencing_Run_1_061325/C6_FP09_WS_RDT_S20_L001_R2_001.fastq.gz,plate0-C6,FP09,WS_RDT,WS RDT,Filter_Paper_Sequencing_Run_1_061325
plate0_C7_FP12_WS_RDT,/data/wohllab/2025.07.10_fp/input/Filter_Paper_Sequencing_Run_1_061325/C7_FP12_WS_RDT_S35_L001_R1_001.fastq.gz,/data/wohllab/2025.07.10_fp/input/Filter_Paper_Sequencing_Run_1_061325/C7_FP12_WS_RDT_S35_L001_R2_001.fastq.gz,plate0-C7,FP12,WS_RDT,WS RDT,Filter_Paper_Sequencing_Run_1_061325
plate0_C8_FP13_WS_RDT,/data/wohllab/2025.07.10_fp/input/Filter_Paper_Sequencing_Run_1_061325/C8_FP13_WS_RDT_S89_L001_R1_001.fastq.gz,/data/wohllab/2025.07.10_fp/input/Filter_Paper_Sequencing_Run_1_061325/C8_FP13_WS_RDT_S89_L001_R2_001.fastq.gz,plate0-C8,FP13,WS_RDT,WS RDT,Filter_Paper_Sequencing_Run_1_061325
plate0_C9_FP14_WS_RDT,/data/wohllab/2025.07.10_fp/input/Filter_Paper_Sequencing_Run_1_061325/C9_FP14_WS_RDT_S58_L001_R1_001.fastq.gz,/data/wohllab/2025.07.10_fp/input/Filter_Paper_Sequencing_Run_1_061325/C9_FP14_WS_RDT_S58_L001_R2_001.fastq.gz,plate0-C9,FP14,WS_RDT,WS RDT,Filter_Paper_Sequencing_Run_1_061325
plate0_D10_FP16_WS_SW,/data/wohllab/2025.07.10_fp/input/Filter_Paper_Sequencing_Run_1_061325/D10_FP16_WS_SW_S45_L001_R1_001.fastq.gz,/data/wohllab/2025.07.10_fp/input/Filter_Paper_Sequencing_Run_1_061325/D10_FP16_WS_SW_S45_L001_R2_001.fastq.gz,plate0-D10,FP16,WS_SW,WS Swabs,Filter_Paper_Sequencing_Run_1_061325
plate0_D11_FP17_WS_SW,/data/wohllab/2025.07.10_fp/input/Filter_Paper_Sequencing_Run_1_061325/D11_FP17_WS_SW_S33_L001_R1_001.fastq.gz,/data/wohllab/2025.07.10_fp/input/Filter_Paper_Sequencing_Run_1_061325/D11_FP17_WS_SW_S33_L001_R2_001.fastq.gz,plate0-D11,FP17,WS_SW,WS Swabs,Filter_Paper_Sequencing_Run_1_061325
plate0_D1_FP01_WS_SW,/data/wohllab/2025.07.10_fp/input/Filter_Paper_Sequencing_Run_1_061325/D1_FP01_WS_SW_S24_L001_R1_001.fastq.gz,/data/wohllab/2025.07.10_fp/input/Filter_Paper_Sequencing_Run_1_061325/D1_FP01_WS_SW_S24_L001_R2_001.fastq.gz,plate0-D1,FP01,WS_SW,WS Swabs,Filter_Paper_Sequencing_Run_1_061325
plate0_D2_FP03_WS_SW,/data/wohllab/2025.07.10_fp/input/Filter_Paper_Sequencing_Run_1_061325/D2_FP03_WS_SW_S2_L001_R1_001.fastq.gz,/data/wohllab/2025.07.10_fp/input/Filter_Paper_Sequencing_Run_1_061325/D2_FP03_WS_SW_S2_L001_R2_001.fastq.gz,plate0-D2,FP03,WS_SW,WS Swabs,Filter_Paper_Sequencing_Run_1_061325
plate0_D3_FP05_WS_SW,/data/wohllab/2025.07.10_fp/input/Filter_Paper_Sequencing_Run_1_061325/D3_FP05_WS_SW_S72_L001_R1_001.fastq.gz,/data/wohllab/2025.07.10_fp/input/Filter_Paper_Sequencing_Run_1_061325/D3_FP05_WS_SW_S72_L001_R2_001.fastq.gz,plate0-D3,FP05,WS_SW,WS Swabs,Filter_Paper_Sequencing_Run_1_061325
plate0_D4_FP06_WS_SW,/data/wohllab/2025.07.10_fp/input/Filter_Paper_Sequencing_Run_1_061325/D4_FP06_WS_SW_S9_L001_R1_001.fastq.gz,/data/wohllab/2025.07.10_fp/input/Filter_Paper_Sequencing_Run_1_061325/D4_FP06_WS_SW_S9_L001_R2_001.fastq.gz,plate0-D4,FP06,WS_SW,WS Swabs,Filter_Paper_Sequencing_Run_1_061325
plate0_D5_FP08_WS_SW,/data/wohllab/2025.07.10_fp/input/Filter_Paper_Sequencing_Run_1_061325/D5_FP08_WS_SW_S52_L001_R1_001.fastq.gz,/data/wohllab/2025.07.10_fp/input/Filter_Paper_Sequencing_Run_1_061325/D5_FP08_WS_SW_S52_L001_R2_001.fastq.gz,plate0-D5,FP08,WS_SW,WS Swabs,Filter_Paper_Sequencing_Run_1_061325
plate0_D6_FP09_WS_SW,/data/wohllab/2025.07.10_fp/input/Filter_Paper_Sequencing_Run_1_061325/D6_FP09_WS_SW_S22_L001_R1_001.fastq.gz,/data/wohllab/2025.07.10_fp/input/Filter_Paper_Sequencing_Run_1_061325/D6_FP09_WS_SW_S22_L001_R2_001.fastq.gz,plate0-D6,FP09,WS_SW,WS Swabs,Filter_Paper_Sequencing_Run_1_061325
plate0_D7_FP12_WS_SW,/data/wohllab/2025.07.10_fp/input/Filter_Paper_Sequencing_Run_1_061325/D7_FP12_WS_SW_S76_L001_R1_001.fastq.gz,/data/wohllab/2025.07.10_fp/input/Filter_Paper_Sequencing_Run_1_061325/D7_FP12_WS_SW_S76_L001_R2_001.fastq.gz,plate0-D7,FP12,WS_SW,WS Swabs,Filter_Paper_Sequencing_Run_1_061325
plate0_D8_FP13_WS_SW,/data/wohllab/2025.07.10_fp/input/Filter_Paper_Sequencing_Run_1_061325/D8_FP13_WS_SW_S91_L001_R1_001.fastq.gz,/data/wohllab/2025.07.10_fp/input/Filter_Paper_Sequencing_Run_1_061325/D8_FP13_WS_SW_S91_L001_R2_001.fastq.gz,plate0-D8,FP13,WS_SW,WS Swabs,Filter_Paper_Sequencing_Run_1_061325
plate0_D9_FP14_WS_SW,/data/wohllab/2025.07.10_fp/input/Filter_Paper_Sequencing_Run_1_061325/D9_FP14_WS_SW_S60_L001_R1_001.fastq.gz,/data/wohllab/2025.07.10_fp/input/Filter_Paper_Sequencing_Run_1_061325/D9_FP14_WS_SW_S60_L001_R2_001.fastq.gz,plate0-D9,FP14,WS_SW,WS Swabs,Filter_Paper_Sequencing_Run_1_061325
plate0_E10_FP16_RDTWS_APW,/data/wohllab/2025.07.10_fp/input/Filter_Paper_Sequencing_Run_1_061325/E10_FP16_RDTWS_APW_S8_L001_R1_001.fastq.gz,/data/wohllab/2025.07.10_fp/input/Filter_Paper_Sequencing_Run_1_061325/E10_FP16_RDTWS_APW_S8_L001_R2_001.fastq.gz,plate0-E10,FP16,RDT_WS_APW,RDT WS in APW,Filter_Paper_Sequencing_Run_1_061325
plate0_E11_FP17_RDTWS_APW,/data/wohllab/2025.07.10_fp/input/Filter_Paper_Sequencing_Run_1_061325/E11_FP17_RDTWS_APW_S12_L001_R1_001.fastq.gz,/data/wohllab/2025.07.10_fp/input/Filter_Paper_Sequencing_Run_1_061325/E11_FP17_RDTWS_APW_S12_L001_R2_001.fastq.gz,plate0-E11,FP17,RDT_WS_APW,RDT WS in APW,Filter_Paper_Sequencing_Run_1_061325
plate0_E12_FP24_RDTWS_APW,/data/wohllab/2025.07.10_fp/input/Filter_Paper_Sequencing_Run_1_061325/E12_FP24_RDTWS_APW_S47_L001_R1_001.fastq.gz,/data/wohllab/2025.07.10_fp/input/Filter_Paper_Sequencing_Run_1_061325/E12_FP24_RDTWS_APW_S47_L001_R2_001.fastq.gz,plate0-E12,FP24,RDT_WS_APW,RDT WS in APW,Filter_Paper_Sequencing_Run_1_061325
plate0_E1_FP01_RDTWS_APW,/data/wohllab/2025.07.10_fp/input/Filter_Paper_Sequencing_Run_1_061325/E1_FP01_RDTWS_APW_S5_L001_R1_001.fastq.gz,/data/wohllab/2025.07.10_fp/input/Filter_Paper_Sequencing_Run_1_061325/E1_FP01_RDTWS_APW_S5_L001_R2_001.fastq.gz,plate0-E1,FP01,RDT_WS_APW,RDT WS in APW,Filter_Paper_Sequencing_Run_1_061325
plate0_E2_FP03_RDTWS_APW,/data/wohllab/2025.07.10_fp/input/Filter_Paper_Sequencing_Run_1_061325/E2_FP03_RDTWS_APW_S90_L001_R1_001.fastq.gz,/data/wohllab/2025.07.10_fp/input/Filter_Paper_Sequencing_Run_1_061325/E2_FP03_RDTWS_APW_S90_L001_R2_001.fastq.gz,plate0-E2,FP03,RDT_WS_APW,RDT WS in APW,Filter_Paper_Sequencing_Run_1_061325
plate0_E3_FP05_RDTWS_APW,/data/wohllab/2025.07.10_fp/input/Filter_Paper_Sequencing_Run_1_061325/E3_FP05_RDTWS_APW_S34_L001_R1_001.fastq.gz,/data/wohllab/2025.07.10_fp/input/Filter_Paper_Sequencing_Run_1_061325/E3_FP05_RDTWS_APW_S34_L001_R2_001.fastq.gz,plate0-E3,FP05,RDT_WS_APW,RDT WS in APW,Filter_Paper_Sequencing_Run_1_061325
plate0_E4_FP06_RDTWS_APW,/data/wohllab/2025.07.10_fp/input/Filter_Paper_Sequencing_Run_1_061325/E4_FP06_RDTWS_APW_S39_L001_R1_001.fastq.gz,/data/wohllab/2025.07.10_fp/input/Filter_Paper_Sequencing_Run_1_061325/E4_FP06_RDTWS_APW_S39_L001_R2_001.fastq.gz,plate0-E4,FP06,RDT_WS_APW,RDT WS in APW,Filter_Paper_Sequencing_Run_1_061325
plate0_E5_FP08_RDTWS_APW,/data/wohllab/2025.07.10_fp/input/Filter_Paper_Sequencing_Run_1_061325/E5_FP08_RDTWS_APW_S40_L001_R1_001.fastq.gz,/data/wohllab/2025.07.10_fp/input/Filter_Paper_Sequencing_Run_1_061325/E5_FP08_RDTWS_APW_S40_L001_R2_001.fastq.gz,plate0-E5,FP08,RDT_WS_APW,RDT WS in APW,Filter_Paper_Sequencing_Run_1_061325
plate0_E6_FP09_RDTWS_APW,/data/wohllab/2025.07.10_fp/input/Filter_Paper_Sequencing_Run_1_061325/E6_FP09_RDTWS_APW_S37_L001_R1_001.fastq.gz,/data/wohllab/2025.07.10_fp/input/Filter_Paper_Sequencing_Run_1_061325/E6_FP09_RDTWS_APW_S37_L001_R2_001.fastq.gz,plate0-E6,FP09,RDT_WS_APW,RDT WS in APW,Filter_Paper_Sequencing_Run_1_061325
plate0_E7_FP12_RDTWS_APW,/data/wohllab/2025.07.10_fp/input/Filter_Paper_Sequencing_Run_1_061325/E7_FP12_RDTWS_APW_S65_L001_R1_001.fastq.gz,/data/wohllab/2025.07.10_fp/input/Filter_Paper_Sequencing_Run_1_061325/E7_FP12_RDTWS_APW_S65_L001_R2_001.fastq.gz,plate0-E7,FP12,RDT_WS_APW,RDT WS in APW,Filter_Paper_Sequencing_Run_1_061325
plate0_E8_FP13_RDTWS_APW,/data/wohllab/2025.07.10_fp/input/Filter_Paper_Sequencing_Run_1_061325/E8_FP13_RDTWS_APW_S29_L001_R1_001.fastq.gz,/data/wohllab/2025.07.10_fp/input/Filter_Paper_Sequencing_Run_1_061325/E8_FP13_RDTWS_APW_S29_L001_R2_001.fastq.gz,plate0-E8,FP13,RDT_WS_APW,RDT WS in APW,Filter_Paper_Sequencing_Run_1_061325
plate0_E9_FP14_RDTWS_APW,/data/wohllab/2025.07.10_fp/input/Filter_Paper_Sequencing_Run_1_061325/E9_FP14_RDTWS_APW_S46_L001_R1_001.fastq.gz,/data/wohllab/2025.07.10_fp/input/Filter_Paper_Sequencing_Run_1_061325/E9_FP14_RDTWS_APW_S46_L001_R2_001.fastq.gz,plate0-E9,FP14,RDT_WS_APW,RDT WS in APW,Filter_Paper_Sequencing_Run_1_061325
plate0_F10_FP16_FPWS_APW,/data/wohllab/2025.07.10_fp/input/Filter_Paper_Sequencing_Run_1_061325/F10_FP16_FPWS_APW_S21_L001_R1_001.fastq.gz,/data/wohllab/2025.07.10_fp/input/Filter_Paper_Sequencing_Run_1_061325/F10_FP16_FPWS_APW_S21_L001_R2_001.fastq.gz,plate0-F10,FP16,FP_WS_APW,FP WS in APW,Filter_Paper_Sequencing_Run_1_061325
plate0_F11_FP17_FPWS_APW,/data/wohllab/2025.07.10_fp/input/Filter_Paper_Sequencing_Run_1_061325/F11_FP17_FPWS_APW_S71_L001_R1_001.fastq.gz,/data/wohllab/2025.07.10_fp/input/Filter_Paper_Sequencing_Run_1_061325/F11_FP17_FPWS_APW_S71_L001_R2_001.fastq.gz,plate0-F11,FP17,FP_WS_APW,FP WS in APW,Filter_Paper_Sequencing_Run_1_061325
plate0_F12_FP24_FPWS_APW,/data/wohllab/2025.07.10_fp/input/Filter_Paper_Sequencing_Run_1_061325/F12_FP24_FPWS_APW_S64_L001_R1_001.fastq.gz,/data/wohllab/2025.07.10_fp/input/Filter_Paper_Sequencing_Run_1_061325/F12_FP24_FPWS_APW_S64_L001_R2_001.fastq.gz,plate0-F12,FP24,FP_WS_APW,FP WS in APW,Filter_Paper_Sequencing_Run_1_061325
plate0_F1_FP01_FPWS_APW,/data/wohllab/2025.07.10_fp/input/Filter_Paper_Sequencing_Run_1_061325/F1_FP01_FPWS_APW_S7_L001_R1_001.fastq.gz,/data/wohllab/2025.07.10_fp/input/Filter_Paper_Sequencing_Run_1_061325/F1_FP01_FPWS_APW_S7_L001_R2_001.fastq.gz,plate0-F1,FP01,FP_WS_APW,FP WS in APW,Filter_Paper_Sequencing_Run_1_061325
plate0_F2_FP03_FPWS_APW,/data/wohllab/2025.07.10_fp/input/Filter_Paper_Sequencing_Run_1_061325/F2_FP03_FPWS_APW_S66_L001_R1_001.fastq.gz,/data/wohllab/2025.07.10_fp/input/Filter_Paper_Sequencing_Run_1_061325/F2_FP03_FPWS_APW_S66_L001_R2_001.fastq.gz,plate0-F2,FP03,FP_WS_APW,FP WS in APW,Filter_Paper_Sequencing_Run_1_061325
plate0_F3_FP05_FPWS_APW,/data/wohllab/2025.07.10_fp/input/Filter_Paper_Sequencing_Run_1_061325/F3_FP05_FPWS_APW_S55_L001_R1_001.fastq.gz,/data/wohllab/2025.07.10_fp/input/Filter_Paper_Sequencing_Run_1_061325/F3_FP05_FPWS_APW_S55_L001_R2_001.fastq.gz,plate0-F3,FP05,FP_WS_APW,FP WS in APW,Filter_Paper_Sequencing_Run_1_061325
plate0_F4_FP06_FPWS_APW,/data/wohllab/2025.07.10_fp/input/Filter_Paper_Sequencing_Run_1_061325/F4_FP06_FPWS_APW_S30_L001_R1_001.fastq.gz,/data/wohllab/2025.07.10_fp/input/Filter_Paper_Sequencing_Run_1_061325/F4_FP06_FPWS_APW_S30_L001_R2_001.fastq.gz,plate0-F4,FP06,FP_WS_APW,FP WS in APW,Filter_Paper_Sequencing_Run_1_061325
plate0_F5_FP08_FPWS_APW,/data/wohllab/2025.07.10_fp/input/Filter_Paper_Sequencing_Run_1_061325/F5_FP08_FPWS_APW_S93_L001_R1_001.fastq.gz,/data/wohllab/2025.07.10_fp/input/Filter_Paper_Sequencing_Run_1_061325/F5_FP08_FPWS_APW_S93_L001_R2_001.fastq.gz,plate0-F5,FP08,FP_WS_APW,FP WS in APW,Filter_Paper_Sequencing_Run_1_061325
plate0_F6_FP09_FPWS_APW,/data/wohllab/2025.07.10_fp/input/Filter_Paper_Sequencing_Run_1_061325/F6_FP09_FPWS_APW_S95_L001_R1_001.fastq.gz,/data/wohllab/2025.07.10_fp/input/Filter_Paper_Sequencing_Run_1_061325/F6_FP09_FPWS_APW_S95_L001_R2_001.fastq.gz,plate0-F6,FP09,FP_WS_APW,FP WS in APW,Filter_Paper_Sequencing_Run_1_061325
plate0_F7_FP12_FPWS_APW,/data/wohllab/2025.07.10_fp/input/Filter_Paper_Sequencing_Run_1_061325/F7_FP12_FPWS_APW_S14_L001_R1_001.fastq.gz,/data/wohllab/2025.07.10_fp/input/Filter_Paper_Sequencing_Run_1_061325/F7_FP12_FPWS_APW_S14_L001_R2_001.fastq.gz,plate0-F7,FP12,FP_WS_APW,FP WS in APW,Filter_Paper_Sequencing_Run_1_061325
plate0_F8_FP13_FPWS_APW,/data/wohllab/2025.07.10_fp/input/Filter_Paper_Sequencing_Run_1_061325/F8_FP13_FPWS_APW_S87_L001_R1_001.fastq.gz,/data/wohllab/2025.07.10_fp/input/Filter_Paper_Sequencing_Run_1_061325/F8_FP13_FPWS_APW_S87_L001_R2_001.fastq.gz,plate0-F8,FP13,FP_WS_APW,FP WS in APW,Filter_Paper_Sequencing_Run_1_061325
plate0_F9_FP14_FPWS_APW,/data/wohllab/2025.07.10_fp/input/Filter_Paper_Sequencing_Run_1_061325/F9_FP14_FPWS_APW_S43_L001_R1_001.fastq.gz,/data/wohllab/2025.07.10_fp/input/Filter_Paper_Sequencing_Run_1_061325/F9_FP14_FPWS_APW_S43_L001_R2_001.fastq.gz,plate0-F9,FP14,FP_WS_APW,FP WS in APW,Filter_Paper_Sequencing_Run_1_061325
plate0_G10_FP16_RDTIS_TCBS,/data/wohllab/2025.07.10_fp/input/Filter_Paper_Sequencing_Run_1_061325/G10_FP16_RDTIS_TCBS_S80_L001_R1_001.fastq.gz,/data/wohllab/2025.07.10_fp/input/Filter_Paper_Sequencing_Run_1_061325/G10_FP16_RDTIS_TCBS_S80_L001_R2_001.fastq.gz,plate0-G10,FP16,RDT_IS_TCBS,RDT of Isolates from TCBS,Filter_Paper_Sequencing_Run_1_061325
plate0_G11_FP17_RDTIS_TCBS,/data/wohllab/2025.07.10_fp/input/Filter_Paper_Sequencing_Run_1_061325/G11_FP17_RDTIS_TCBS_S63_L001_R1_001.fastq.gz,/data/wohllab/2025.07.10_fp/input/Filter_Paper_Sequencing_Run_1_061325/G11_FP17_RDTIS_TCBS_S63_L001_R2_001.fastq.gz,plate0-G11,FP17,RDT_IS_TCBS,RDT of Isolates from TCBS,Filter_Paper_Sequencing_Run_1_061325
plate0_G12_FP24_RDTIS_TCBS,/data/wohllab/2025.07.10_fp/input/Filter_Paper_Sequencing_Run_1_061325/G12_FP24_RDTIS_TCBS_S6_L001_R1_001.fastq.gz,/data/wohllab/2025.07.10_fp/input/Filter_Paper_Sequencing_Run_1_061325/G12_FP24_RDTIS_TCBS_S6_L001_R2_001.fastq.gz,plate0-G12,FP24,RDT_IS_TCBS,RDT of Isolates from TCBS,Filter_Paper_Sequencing_Run_1_061325
plate0_G1_FP01_RDTIS_TCBS,/data/wohllab/2025.07.10_fp/input/Filter_Paper_Sequencing_Run_1_061325/G1_FP01_RDTIS_TCBS_S36_L001_R1_001.fastq.gz,/data/wohllab/2025.07.10_fp/input/Filter_Paper_Sequencing_Run_1_061325/G1_FP01_RDTIS_TCBS_S36_L001_R2_001.fastq.gz,plate0-G1,FP01,RDT_IS_TCBS,RDT of Isolates from TCBS,Filter_Paper_Sequencing_Run_1_061325
plate0_G2_FP03_RDTIS_TCBS,/data/wohllab/2025.07.10_fp/input/Filter_Paper_Sequencing_Run_1_061325/G2_FP03_RDTIS_TCBS_S41_L001_R1_001.fastq.gz,/data/wohllab/2025.07.10_fp/input/Filter_Paper_Sequencing_Run_1_061325/G2_FP03_RDTIS_TCBS_S41_L001_R2_001.fastq.gz,plate0-G2,FP03,RDT_IS_TCBS,RDT of Isolates from TCBS,Filter_Paper_Sequencing_Run_1_061325
plate0_G3_FP05_RDTIS_TCBS,/data/wohllab/2025.07.10_fp/input/Filter_Paper_Sequencing_Run_1_061325/G3_FP05_RDTIS_TCBS_S25_L001_R1_001.fastq.gz,/data/wohllab/2025.07.10_fp/input/Filter_Paper_Sequencing_Run_1_061325/G3_FP05_RDTIS_TCBS_S25_L001_R2_001.fastq.gz,plate0-G3,FP05,RDT_IS_TCBS,RDT of Isolates from TCBS,Filter_Paper_Sequencing_Run_1_061325
plate0_G4_FP06_RDTIS_TCBS,/data/wohllab/2025.07.10_fp/input/Filter_Paper_Sequencing_Run_1_061325/G4_FP06_RDTIS_TCBS_S15_L001_R1_001.fastq.gz,/data/wohllab/2025.07.10_fp/input/Filter_Paper_Sequencing_Run_1_061325/G4_FP06_RDTIS_TCBS_S15_L001_R2_001.fastq.gz,plate0-G4,FP06,RDT_IS_TCBS,RDT of Isolates from TCBS,Filter_Paper_Sequencing_Run_1_061325
plate0_G5_FP08_RDTIS_TCBS,/data/wohllab/2025.07.10_fp/input/Filter_Paper_Sequencing_Run_1_061325/G5_FP08_RDTIS_TCBS_S10_L001_R1_001.fastq.gz,/data/wohllab/2025.07.10_fp/input/Filter_Paper_Sequencing_Run_1_061325/G5_FP08_RDTIS_TCBS_S10_L001_R2_001.fastq.gz,plate0-G5,FP08,RDT_IS_TCBS,RDT of Isolates from TCBS,Filter_Paper_Sequencing_Run_1_061325
plate0_G6_FP09_RDTIS_TCBS,/data/wohllab/2025.07.10_fp/input/Filter_Paper_Sequencing_Run_1_061325/G6_FP09_RDTIS_TCBS_S49_L001_R1_001.fastq.gz,/data/wohllab/2025.07.10_fp/input/Filter_Paper_Sequencing_Run_1_061325/G6_FP09_RDTIS_TCBS_S49_L001_R2_001.fastq.gz,plate0-G6,FP09,RDT_IS_TCBS,RDT of Isolates from TCBS,Filter_Paper_Sequencing_Run_1_061325
plate0_G7_FP12_RDTIS_TCBS,/data/wohllab/2025.07.10_fp/input/Filter_Paper_Sequencing_Run_1_061325/G7_FP12_RDTIS_TCBS_S4_L001_R1_001.fastq.gz,/data/wohllab/2025.07.10_fp/input/Filter_Paper_Sequencing_Run_1_061325/G7_FP12_RDTIS_TCBS_S4_L001_R2_001.fastq.gz,plate0-G7,FP12,RDT_IS_TCBS,RDT of Isolates from TCBS,Filter_Paper_Sequencing_Run_1_061325
plate0_G8_FP13_RDTIS_TCBS,/data/wohllab/2025.07.10_fp/input/Filter_Paper_Sequencing_Run_1_061325/G8_FP13_RDTIS_TCBS_S74_L001_R1_001.fastq.gz,/data/wohllab/2025.07.10_fp/input/Filter_Paper_Sequencing_Run_1_061325/G8_FP13_RDTIS_TCBS_S74_L001_R2_001.fastq.gz,plate0-G8,FP13,RDT_IS_TCBS,RDT of Isolates from TCBS,Filter_Paper_Sequencing_Run_1_061325
plate0_G9_FP14_RDTIS_TCBS,/data/wohllab/2025.07.10_fp/input/Filter_Paper_Sequencing_Run_1_061325/G9_FP14_RDTIS_TCBS_S92_L001_R1_001.fastq.gz,/data/wohllab/2025.07.10_fp/input/Filter_Paper_Sequencing_Run_1_061325/G9_FP14_RDTIS_TCBS_S92_L001_R2_001.fastq.gz,plate0-G9,FP14,RDT_IS_TCBS,RDT of Isolates from TCBS,Filter_Paper_Sequencing_Run_1_061325
plate0_H10_FP16_FPIS_TCBS,/data/wohllab/2025.07.10_fp/input/Filter_Paper_Sequencing_Run_1_061325/H10_FP16_FPIS_TCBS_S83_L001_R1_001.fastq.gz,/data/wohllab/2025.07.10_fp/input/Filter_Paper_Sequencing_Run_1_061325/H10_FP16_FPIS_TCBS_S83_L001_R2_001.fastq.gz,plate0-H10,FP16,FP_IS_TCBS,FP Isolates from TCBS,Filter_Paper_Sequencing_Run_1_061325
plate0_H11_FP17_FPIS_TCBS,/data/wohllab/2025.07.10_fp/input/Filter_Paper_Sequencing_Run_1_061325/H11_FP17_FPIS_TCBS_S70_L001_R1_001.fastq.gz,/data/wohllab/2025.07.10_fp/input/Filter_Paper_Sequencing_Run_1_061325/H11_FP17_FPIS_TCBS_S70_L001_R2_001.fastq.gz,plate0-H11,FP17,FP_IS_TCBS,FP Isolates from TCBS,Filter_Paper_Sequencing_Run_1_061325
plate0_H1_FP01_FPIS_TCBS,/data/wohllab/2025.07.10_fp/input/Filter_Paper_Sequencing_Run_1_061325/H1_FP01_FPIS_TCBS_S56_L001_R1_001.fastq.gz,/data/wohllab/2025.07.10_fp/input/Filter_Paper_Sequencing_Run_1_061325/H1_FP01_FPIS_TCBS_S56_L001_R2_001.fastq.gz,plate0-H1,FP01,FP_IS_TCBS,FP Isolates from TCBS,Filter_Paper_Sequencing_Run_1_061325
plate0_H2_FP03_FPIS_TCBS,/data/wohllab/2025.07.10_fp/input/Filter_Paper_Sequencing_Run_1_061325/H2_FP03_FPIS_TCBS_S69_L001_R1_001.fastq.gz,/data/wohllab/2025.07.10_fp/input/Filter_Paper_Sequencing_Run_1_061325/H2_FP03_FPIS_TCBS_S69_L001_R2_001.fastq.gz,plate0-H2,FP03,FP_IS_TCBS,FP Isolates from TCBS,Filter_Paper_Sequencing_Run_1_061325
plate0_H3_FP05_FPIS_TCBS,/data/wohllab/2025.07.10_fp/input/Filter_Paper_Sequencing_Run_1_061325/H3_FP05_FPIS_TCBS_S54_L001_R1_001.fastq.gz,/data/wohllab/2025.07.10_fp/input/Filter_Paper_Sequencing_Run_1_061325/H3_FP05_FPIS_TCBS_S54_L001_R2_001.fastq.gz,plate0-H3,FP05,FP_IS_TCBS,FP Isolates from TCBS,Filter_Paper_Sequencing_Run_1_061325
plate0_H4_FP06_FPIS_TCBS,/data/wohllab/2025.07.10_fp/input/Filter_Paper_Sequencing_Run_1_061325/H4_FP06_FPIS_TCBS_S18_L001_R1_001.fastq.gz,/data/wohllab/2025.07.10_fp/input/Filter_Paper_Sequencing_Run_1_061325/H4_FP06_FPIS_TCBS_S18_L001_R2_001.fastq.gz,plate0-H4,FP06,FP_IS_TCBS,FP Isolates from TCBS,Filter_Paper_Sequencing_Run_1_061325
plate0_H5_FP08_FPIS_TCBS,/data/wohllab/2025.07.10_fp/input/Filter_Paper_Sequencing_Run_1_061325/H5_FP08_FPIS_TCBS_S50_L001_R1_001.fastq.gz,/data/wohllab/2025.07.10_fp/input/Filter_Paper_Sequencing_Run_1_061325/H5_FP08_FPIS_TCBS_S50_L001_R2_001.fastq.gz,plate0-H5,FP08,FP_IS_TCBS,FP Isolates from TCBS,Filter_Paper_Sequencing_Run_1_061325
plate0_H6_FP09_FPIS_TCBS,/data/wohllab/2025.07.10_fp/input/Filter_Paper_Sequencing_Run_1_061325/H6_FP09_FPIS_TCBS_S23_L001_R1_001.fastq.gz,/data/wohllab/2025.07.10_fp/input/Filter_Paper_Sequencing_Run_1_061325/H6_FP09_FPIS_TCBS_S23_L001_R2_001.fastq.gz,plate0-H6,FP09,FP_IS_TCBS,FP Isolates from TCBS,Filter_Paper_Sequencing_Run_1_061325
plate0_H7_FP12_FPIS_TCBS,/data/wohllab/2025.07.10_fp/input/Filter_Paper_Sequencing_Run_1_061325/H7_FP12_FPIS_TCBS_S53_L001_R1_001.fastq.gz,/data/wohllab/2025.07.10_fp/input/Filter_Paper_Sequencing_Run_1_061325/H7_FP12_FPIS_TCBS_S53_L001_R2_001.fastq.gz,plate0-H7,FP12,FP_IS_TCBS,FP Isolates from TCBS,Filter_Paper_Sequencing_Run_1_061325
plate0_H8_FP13_FPIS_TCBS,/data/wohllab/2025.07.10_fp/input/Filter_Paper_Sequencing_Run_1_061325/H8_FP13_FPIS_TCBS_S75_L001_R1_001.fastq.gz,/data/wohllab/2025.07.10_fp/input/Filter_Paper_Sequencing_Run_1_061325/H8_FP13_FPIS_TCBS_S75_L001_R2_001.fastq.gz,plate0-H8,FP13,FP_IS_TCBS,FP Isolates from TCBS,Filter_Paper_Sequencing_Run_1_061325
plate0_H9_FP14_FPIS_TCBS,/data/wohllab/2025.07.10_fp/input/Filter_Paper_Sequencing_Run_1_061325/H9_FP14_FPIS_TCBS_S11_L001_R1_001.fastq.gz,/data/wohllab/2025.07.10_fp/input/Filter_Paper_Sequencing_Run_1_061325/H9_FP14_FPIS_TCBS_S11_L001_R2_001.fastq.gz,plate0-H9,FP14,FP_IS_TCBS,FP Isolates from TCBS,Filter_Paper_Sequencing_Run_1_061325
plate1_A10_FP34_WS_RDT,/data/wohllab/2025.07.10_fp/input/Filter_Paper_Sequencing_Run_2/plate1_A10_FP34_WS_RDT_S31_L008_R1_001.fastq.gz,/data/wohllab/2025.07.10_fp/input/Filter_Paper_Sequencing_Run_2/plate1_A10_FP34_WS_RDT_S31_L008_R2_001.fastq.gz,plate1-A10,FP34,WS_RDT,WS RDT,Filter_Paper_Sequencing_Run_2
plate1_A11_FP04_WS_FP,/data/wohllab/2025.07.10_fp/input/Filter_Paper_Sequencing_Run_2/plate1_A11_FP04_WS_FP_S41_L008_R1_001.fastq.gz,/data/wohllab/2025.07.10_fp/input/Filter_Paper_Sequencing_Run_2/plate1_A11_FP04_WS_FP_S41_L008_R2_001.fastq.gz,plate1-A11,FP04,WS_FP,WS FP,Filter_Paper_Sequencing_Run_2
plate1_A12_FP24_FP_IS_TCBS,/data/wohllab/2025.07.10_fp/input/Filter_Paper_Sequencing_Run_2/plate1_A12_FP24_FP_IS_TCBS_S83_L008_R1_001.fastq.gz,/data/wohllab/2025.07.10_fp/input/Filter_Paper_Sequencing_Run_2/plate1_A12_FP24_FP_IS_TCBS_S83_L008_R2_001.fastq.gz,plate1-A12,FP24,FP_IS_TCBS,FP Isolates from TCBS,Filter_Paper_Sequencing_Run_2
plate1_A1_FP01_QI,/data/wohllab/2025.07.10_fp/input/Filter_Paper_Sequencing_Run_2/plate1_A1_FP01_QI_S8_L008_R1_001.fastq.gz,/data/wohllab/2025.07.10_fp/input/Filter_Paper_Sequencing_Run_2/plate1_A1_FP01_QI_S8_L008_R2_001.fastq.gz,plate1-A1,FP01,QI,Qiagen Isolates,Filter_Paper_Sequencing_Run_2
plate1_A2_FP14_QI,/data/wohllab/2025.07.10_fp/input/Filter_Paper_Sequencing_Run_2/plate1_A2_FP14_QI_S73_L008_R1_001.fastq.gz,/data/wohllab/2025.07.10_fp/input/Filter_Paper_Sequencing_Run_2/plate1_A2_FP14_QI_S73_L008_R2_001.fastq.gz,plate1-A2,FP14,QI,Qiagen Isolates,Filter_Paper_Sequencing_Run_2
plate1_A3_FP08_BI,/data/wohllab/2025.07.10_fp/input/Filter_Paper_Sequencing_Run_2/plate1_A3_FP08_BI_S98_L008_R1_001.fastq.gz,/data/wohllab/2025.07.10_fp/input/Filter_Paper_Sequencing_Run_2/plate1_A3_FP08_BI_S98_L008_R2_001.fastq.gz,plate1-A3,FP08,BI,Boiled Isolate,Filter_Paper_Sequencing_Run_2
plate1_A5_FP22_BI,/data/wohllab/2025.07.10_fp/input/Filter_Paper_Sequencing_Run_2/plate1_A5_FP22_BI_S112_L008_R1_001.fastq.gz,/data/wohllab/2025.07.10_fp/input/Filter_Paper_Sequencing_Run_2/plate1_A5_FP22_BI_S112_L008_R2_001.fastq.gz,plate1-A5,FP22,BI,Boiled Isolate,Filter_Paper_Sequencing_Run_2
plate1_A6_FP28_FP_IS_TCBS,/data/wohllab/2025.07.10_fp/input/Filter_Paper_Sequencing_Run_2/plate1_A6_FP28_FP_IS_TCBS_S35_L008_R1_001.fastq.gz,/data/wohllab/2025.07.10_fp/input/Filter_Paper_Sequencing_Run_2/plate1_A6_FP28_FP_IS_TCBS_S35_L008_R2_001.fastq.gz,plate1-A6,FP28,FP_IS_TCBS,FP Isolates from TCBS,Filter_Paper_Sequencing_Run_2
plate1_A7_FP39_RDT_IS_TCBS,/data/wohllab/2025.07.10_fp/input/Filter_Paper_Sequencing_Run_2/plate1_A7_FP39_RDT_IS_TCBS_S84_L008_R1_001.fastq.gz,/data/wohllab/2025.07.10_fp/input/Filter_Paper_Sequencing_Run_2/plate1_A7_FP39_RDT_IS_TCBS_S84_L008_R2_001.fastq.gz,plate1-A7,FP39,RDT_IS_TCBS,RDT of Isolates from TCBS,Filter_Paper_Sequencing_Run_2
plate1_A8_FP22_RDT_WS_APW,/data/wohllab/2025.07.10_fp/input/Filter_Paper_Sequencing_Run_2/plate1_A8_FP22_RDT_WS_APW_S110_L008_R1_001.fastq.gz,/data/wohllab/2025.07.10_fp/input/Filter_Paper_Sequencing_Run_2/plate1_A8_FP22_RDT_WS_APW_S110_L008_R2_001.fastq.gz,plate1-A8,FP22,RDT_WS_APW,RDT WS in APW,Filter_Paper_Sequencing_Run_2
plate1_A9_FP25_WS_Q,/data/wohllab/2025.07.10_fp/input/Filter_Paper_Sequencing_Run_2/plate1_A9_FP25_WS_Q_S95_L008_R1_001.fastq.gz,/data/wohllab/2025.07.10_fp/input/Filter_Paper_Sequencing_Run_2/plate1_A9_FP25_WS_Q_S95_L008_R2_001.fastq.gz,plate1-A9,FP25,WS_Q,WS Qiagen,Filter_Paper_Sequencing_Run_2
plate1_B10_FP39_WS_RDT,/data/wohllab/2025.07.10_fp/input/Filter_Paper_Sequencing_Run_2/plate1_B10_FP39_WS_RDT_S29_L008_R1_001.fastq.gz,/data/wohllab/2025.07.10_fp/input/Filter_Paper_Sequencing_Run_2/plate1_B10_FP39_WS_RDT_S29_L008_R2_001.fastq.gz,plate1-B10,FP39,WS_RDT,WS RDT,Filter_Paper_Sequencing_Run_2
plate1_B11_FP22_WS_FP,/data/wohllab/2025.07.10_fp/input/Filter_Paper_Sequencing_Run_2/plate1_B11_FP22_WS_FP_S10_L008_R1_001.fastq.gz,/data/wohllab/2025.07.10_fp/input/Filter_Paper_Sequencing_Run_2/plate1_B11_FP22_WS_FP_S10_L008_R2_001.fastq.gz,plate1-B11,FP22,WS_FP,WS FP,Filter_Paper_Sequencing_Run_2
plate1_B12_FP23_BI,/data/wohllab/2025.07.10_fp/input/Filter_Paper_Sequencing_Run_2/plate1_B12_FP23_BI_S21_L008_R1_001.fastq.gz,/data/wohllab/2025.07.10_fp/input/Filter_Paper_Sequencing_Run_2/plate1_B12_FP23_BI_S21_L008_R2_001.fastq.gz,plate1-B12,FP23,BI,Boiled Isolate,Filter_Paper_Sequencing_Run_2
plate1_B1_FP03_QI,/data/wohllab/2025.07.10_fp/input/Filter_Paper_Sequencing_Run_2/plate1_B1_FP03_QI_S97_L008_R1_001.fastq.gz,/data/wohllab/2025.07.10_fp/input/Filter_Paper_Sequencing_Run_2/plate1_B1_FP03_QI_S97_L008_R2_001.fastq.gz,plate1-B1,FP03,QI,Qiagen Isolates,Filter_Paper_Sequencing_Run_2
plate1_B2_FP16_QI,/data/wohllab/2025.07.10_fp/input/Filter_Paper_Sequencing_Run_2/plate1_B2_FP16_QI_S5_L008_R1_001.fastq.gz,/data/wohllab/2025.07.10_fp/input/Filter_Paper_Sequencing_Run_2/plate1_B2_FP16_QI_S5_L008_R2_001.fastq.gz,plate1-B2,FP16,QI,Qiagen Isolates,Filter_Paper_Sequencing_Run_2
plate1_B3_FP09_BI,/data/wohllab/2025.07.10_fp/input/Filter_Paper_Sequencing_Run_2/plate1_B3_FP09_BI_S15_L008_R1_001.fastq.gz,/data/wohllab/2025.07.10_fp/input/Filter_Paper_Sequencing_Run_2/plate1_B3_FP09_BI_S15_L008_R2_001.fastq.gz,plate1-B3,FP09,BI,Boiled Isolate,Filter_Paper_Sequencing_Run_2
plate1_B4_FP04_QI,/data/wohllab/2025.07.10_fp/input/Filter_Paper_Sequencing_Run_2/plate1_B4_FP04_QI_S64_L008_R1_001.fastq.gz,/data/wohllab/2025.07.10_fp/input/Filter_Paper_Sequencing_Run_2/plate1_B4_FP04_QI_S64_L008_R2_001.fastq.gz,plate1-B4,FP04,QI,Qiagen Isolates,Filter_Paper_Sequencing_Run_2
plate1_B5_FP25_BI,/data/wohllab/2025.07.10_fp/input/Filter_Paper_Sequencing_Run_2/plate1_B5_FP25_BI_S117_L008_R1_001.fastq.gz,/data/wohllab/2025.07.10_fp/input/Filter_Paper_Sequencing_Run_2/plate1_B5_FP25_BI_S117_L008_R2_001.fastq.gz,plate1-B5,FP25,BI,Boiled Isolate,Filter_Paper_Sequencing_Run_2
plate1_B6_FP34_FP_IS_TCBS,/data/wohllab/2025.07.10_fp/input/Filter_Paper_Sequencing_Run_2/plate1_B6_FP34_FP_IS_TCBS_S27_L008_R1_001.fastq.gz,/data/wohllab/2025.07.10_fp/input/Filter_Paper_Sequencing_Run_2/plate1_B6_FP34_FP_IS_TCBS_S27_L008_R2_001.fastq.gz,plate1-B6,FP34,FP_IS_TCBS,FP Isolates from TCBS,Filter_Paper_Sequencing_Run_2
plate1_B7_FP04_FP_WS_APW,/data/wohllab/2025.07.10_fp/input/Filter_Paper_Sequencing_Run_2/plate1_B7_FP04_FP_WS_APW_S60_L008_R1_001.fastq.gz,/data/wohllab/2025.07.10_fp/input/Filter_Paper_Sequencing_Run_2/plate1_B7_FP04_FP_WS_APW_S60_L008_R2_001.fastq.gz,plate1-B7,FP04,FP_WS_APW,FP WS in APW,Filter_Paper_Sequencing_Run_2
plate1_B8_FP25_RDT_WS_APW,/data/wohllab/2025.07.10_fp/input/Filter_Paper_Sequencing_Run_2/plate1_B8_FP25_RDT_WS_APW_S9_L008_R1_001.fastq.gz,/data/wohllab/2025.07.10_fp/input/Filter_Paper_Sequencing_Run_2/plate1_B8_FP25_RDT_WS_APW_S9_L008_R2_001.fastq.gz,plate1-B8,FP25,RDT_WS_APW,RDT WS in APW,Filter_Paper_Sequencing_Run_2
plate1_B9_FP28_WS_Q,/data/wohllab/2025.07.10_fp/input/Filter_Paper_Sequencing_Run_2/plate1_B9_FP28_WS_Q_S48_L008_R1_001.fastq.gz,/data/wohllab/2025.07.10_fp/input/Filter_Paper_Sequencing_Run_2/plate1_B9_FP28_WS_Q_S48_L008_R2_001.fastq.gz,plate1-B9,FP28,WS_Q,WS Qiagen,Filter_Paper_Sequencing_Run_2
plate1_C10_FP04_WS__SW,/data/wohllab/2025.07.10_fp/input/Filter_Paper_Sequencing_Run_2/plate1_C10_FP04_WS__SW_S57_L008_R1_001.fastq.gz,/data/wohllab/2025.07.10_fp/input/Filter_Paper_Sequencing_Run_2/plate1_C10_FP04_WS__SW_S57_L008_R2_001.fastq.gz,plate1-C10,FP04,WS_SW,WS Swabs,Filter_Paper_Sequencing_Run_2
plate1_C11_FP25_WS_FP,/data/wohllab/2025.07.10_fp/input/Filter_Paper_Sequencing_Run_2/plate1_C11_FP25_WS_FP_S6_L008_R1_001.fastq.gz,/data/wohllab/2025.07.10_fp/input/Filter_Paper_Sequencing_Run_2/plate1_C11_FP25_WS_FP_S6_L008_R2_001.fastq.gz,plate1-C11,FP25,WS_FP,WS FP,Filter_Paper_Sequencing_Run_2
plate1_C12_FP23_QI,/data/wohllab/2025.07.10_fp/input/Filter_Paper_Sequencing_Run_2/plate1_C12_FP23_QI_S76_L008_R1_001.sub.fastq.gz,/data/wohllab/2025.07.10_fp/input/Filter_Paper_Sequencing_Run_2/plate1_C12_FP23_QI_S76_L008_R2_001.sub.fastq.gz,plate1-C12,FP23,QI,Qiagen Isolates,Filter_Paper_Sequencing_Run_2
plate1_C1_FP05_QI,/data/wohllab/2025.07.10_fp/input/Filter_Paper_Sequencing_Run_2/plate1_C1_FP05_QI_S4_L008_R1_001.fastq.gz,/data/wohllab/2025.07.10_fp/input/Filter_Paper_Sequencing_Run_2/plate1_C1_FP05_QI_S4_L008_R2_001.fastq.gz,plate1-C1,FP05,QI,Qiagen Isolates,Filter_Paper_Sequencing_Run_2
plate1_C2_FP17_QI,/data/wohllab/2025.07.10_fp/input/Filter_Paper_Sequencing_Run_2/plate1_C2_FP17_QI_S7_L008_R1_001.fastq.gz,/data/wohllab/2025.07.10_fp/input/Filter_Paper_Sequencing_Run_2/plate1_C2_FP17_QI_S7_L008_R2_001.fastq.gz,plate1-C2,FP17,QI,Qiagen Isolates,Filter_Paper_Sequencing_Run_2
plate1_C3_FP12_BI,/data/wohllab/2025.07.10_fp/input/Filter_Paper_Sequencing_Run_2/plate1_C3_FP12_BI_S89_L008_R1_001.fastq.gz,/data/wohllab/2025.07.10_fp/input/Filter_Paper_Sequencing_Run_2/plate1_C3_FP12_BI_S89_L008_R2_001.fastq.gz,plate1-C3,FP12,BI,Boiled Isolate,Filter_Paper_Sequencing_Run_2
plate1_C4_FP22_QI,/data/wohllab/2025.07.10_fp/input/Filter_Paper_Sequencing_Run_2/plate1_C4_FP22_QI_S79_L008_R1_001.fastq.gz,/data/wohllab/2025.07.10_fp/input/Filter_Paper_Sequencing_Run_2/plate1_C4_FP22_QI_S79_L008_R2_001.fastq.gz,plate1-C4,FP22,QI,Qiagen Isolates,Filter_Paper_Sequencing_Run_2
plate1_C5_FP28_BI,/data/wohllab/2025.07.10_fp/input/Filter_Paper_Sequencing_Run_2/plate1_C5_FP28_BI_S1_L008_R1_001.fastq.gz,/data/wohllab/2025.07.10_fp/input/Filter_Paper_Sequencing_Run_2/plate1_C5_FP28_BI_S1_L008_R2_001.fastq.gz,plate1-C5,FP28,BI,Boiled Isolate,Filter_Paper_Sequencing_Run_2
plate1_C6_FP39_FP_IS_TCBS,/data/wohllab/2025.07.10_fp/input/Filter_Paper_Sequencing_Run_2/plate1_C6_FP39_FP_IS_TCBS_S44_L008_R1_001.fastq.gz,/data/wohllab/2025.07.10_fp/input/Filter_Paper_Sequencing_Run_2/plate1_C6_FP39_FP_IS_TCBS_S44_L008_R2_001.fastq.gz,plate1-C6,FP39,FP_IS_TCBS,FP Isolates from TCBS,Filter_Paper_Sequencing_Run_2
plate1_C7_FP22_FP_WS_APW,/data/wohllab/2025.07.10_fp/input/Filter_Paper_Sequencing_Run_2/plate1_C7_FP22_FP_WS_APW_S24_L008_R1_001.fastq.gz,/data/wohllab/2025.07.10_fp/input/Filter_Paper_Sequencing_Run_2/plate1_C7_FP22_FP_WS_APW_S24_L008_R2_001.fastq.gz,plate1-C7,FP22,FP_WS_APW,FP WS in APW,Filter_Paper_Sequencing_Run_2
plate1_C8_FP28_RDT_WS_APW,/data/wohllab/2025.07.10_fp/input/Filter_Paper_Sequencing_Run_2/plate1_C8_FP28_RDT_WS_APW_S104_L008_R1_001.fastq.gz,/data/wohllab/2025.07.10_fp/input/Filter_Paper_Sequencing_Run_2/plate1_C8_FP28_RDT_WS_APW_S104_L008_R2_001.fastq.gz,plate1-C8,FP28,RDT_WS_APW,RDT WS in APW,Filter_Paper_Sequencing_Run_2
plate1_C9_FP34_WS_Q,/data/wohllab/2025.07.10_fp/input/Filter_Paper_Sequencing_Run_2/plate1_C9_FP34_WS_Q_S30_L008_R1_001.fastq.gz,/data/wohllab/2025.07.10_fp/input/Filter_Paper_Sequencing_Run_2/plate1_C9_FP34_WS_Q_S30_L008_R2_001.fastq.gz,plate1-C9,FP34,WS_Q,WS Qiagen,Filter_Paper_Sequencing_Run_2
plate1_D10_FP22_WS__SW,/data/wohllab/2025.07.10_fp/input/Filter_Paper_Sequencing_Run_2/plate1_D10_FP22_WS__SW_S62_L008_R1_001.fastq.gz,/data/wohllab/2025.07.10_fp/input/Filter_Paper_Sequencing_Run_2/plate1_D10_FP22_WS__SW_S62_L008_R2_001.fastq.gz,plate1-D10,FP22,WS_SW,WS Swabs,Filter_Paper_Sequencing_Run_2
plate1_D11_FP28_WS_FP,/data/wohllab/2025.07.10_fp/input/Filter_Paper_Sequencing_Run_2/plate1_D11_FP28_WS_FP_S92_L008_R1_001.fastq.gz,/data/wohllab/2025.07.10_fp/input/Filter_Paper_Sequencing_Run_2/plate1_D11_FP28_WS_FP_S92_L008_R2_001.fastq.gz,plate1-D11,FP28,WS_FP,WS FP,Filter_Paper_Sequencing_Run_2
plate1_D12_FP23_WS_FP,/data/wohllab/2025.07.10_fp/input/Filter_Paper_Sequencing_Run_2/plate1_D12_FP23_WS_FP_S59_L008_R1_001.fastq.gz,/data/wohllab/2025.07.10_fp/input/Filter_Paper_Sequencing_Run_2/plate1_D12_FP23_WS_FP_S59_L008_R2_001.fastq.gz,plate1-D12,FP23,WS_FP,WS FP,Filter_Paper_Sequencing_Run_2
plate1_D1_FP06_QI,/data/wohllab/2025.07.10_fp/input/Filter_Paper_Sequencing_Run_2/plate1_D1_FP06_QI_S42_L008_R1_001.fastq.gz,/data/wohllab/2025.07.10_fp/input/Filter_Paper_Sequencing_Run_2/plate1_D1_FP06_QI_S42_L008_R2_001.fastq.gz,plate1-D1,FP06,QI,Qiagen Isolates,Filter_Paper_Sequencing_Run_2
plate1_D2_FP24_QI,/data/wohllab/2025.07.10_fp/input/Filter_Paper_Sequencing_Run_2/plate1_D2_FP24_QI_S13_L008_R1_001.fastq.gz,/data/wohllab/2025.07.10_fp/input/Filter_Paper_Sequencing_Run_2/plate1_D2_FP24_QI_S13_L008_R2_001.fastq.gz,plate1-D2,FP24,QI,Qiagen Isolates,Filter_Paper_Sequencing_Run_2
plate1_D3_FP13_BI,/data/wohllab/2025.07.10_fp/input/Filter_Paper_Sequencing_Run_2/plate1_D3_FP13_BI_S72_L008_R1_001.fastq.gz,/data/wohllab/2025.07.10_fp/input/Filter_Paper_Sequencing_Run_2/plate1_D3_FP13_BI_S72_L008_R2_001.fastq.gz,plate1-D3,FP13,BI,Boiled Isolate,Filter_Paper_Sequencing_Run_2
plate1_D4_FP25_QI,/data/wohllab/2025.07.10_fp/input/Filter_Paper_Sequencing_Run_2/plate1_D4_FP25_QI_S99_L008_R1_001.fastq.gz,/data/wohllab/2025.07.10_fp/input/Filter_Paper_Sequencing_Run_2/plate1_D4_FP25_QI_S99_L008_R2_001.fastq.gz,plate1-D4,FP25,QI,Qiagen Isolates,Filter_Paper_Sequencing_Run_2
plate1_D5_FP34_BI,/data/wohllab/2025.07.10_fp/input/Filter_Paper_Sequencing_Run_2/plate1_D5_FP34_BI_S28_L008_R1_001.fastq.gz,/data/wohllab/2025.07.10_fp/input/Filter_Paper_Sequencing_Run_2/plate1_D5_FP34_BI_S28_L008_R2_001.fastq.gz,plate1-D5,FP34,BI,Boiled Isolate,Filter_Paper_Sequencing_Run_2
plate1_D6_FP04_RDT_IS_TCBS,/data/wohllab/2025.07.10_fp/input/Filter_Paper_Sequencing_Run_2/plate1_D6_FP04_RDT_IS_TCBS_S2_L008_R1_001.fastq.gz,/data/wohllab/2025.07.10_fp/input/Filter_Paper_Sequencing_Run_2/plate1_D6_FP04_RDT_IS_TCBS_S2_L008_R2_001.fastq.gz,plate1-D6,FP04,RDT_IS_TCBS,RDT of Isolates from TCBS,Filter_Paper_Sequencing_Run_2
plate1_D7_FP25_FP_WS_APW,/data/wohllab/2025.07.10_fp/input/Filter_Paper_Sequencing_Run_2/plate1_D7_FP25_FP_WS_APW_S51_L008_R1_001.fastq.gz,/data/wohllab/2025.07.10_fp/input/Filter_Paper_Sequencing_Run_2/plate1_D7_FP25_FP_WS_APW_S51_L008_R2_001.fastq.gz,plate1-D7,FP25,FP_WS_APW,FP WS in APW,Filter_Paper_Sequencing_Run_2
plate1_D8_FP34_RDT_WS_APW,/data/wohllab/2025.07.10_fp/input/Filter_Paper_Sequencing_Run_2/plate1_D8_FP34_RDT_WS_APW_S37_L008_R1_001.fastq.gz,/data/wohllab/2025.07.10_fp/input/Filter_Paper_Sequencing_Run_2/plate1_D8_FP34_RDT_WS_APW_S37_L008_R2_001.fastq.gz,plate1-D8,FP34,RDT_WS_APW,RDT WS in APW,Filter_Paper_Sequencing_Run_2
plate1_D9_FP39_WS_Q,/data/wohllab/2025.07.10_fp/input/Filter_Paper_Sequencing_Run_2/plate1_D9_FP39_WS_Q_S61_L008_R1_001.fastq.gz,/data/wohllab/2025.07.10_fp/input/Filter_Paper_Sequencing_Run_2/plate1_D9_FP39_WS_Q_S61_L008_R2_001.fastq.gz,plate1-D9,FP39,WS_Q,WS Qiagen,Filter_Paper_Sequencing_Run_2
plate1_E10_FP25_WS__SW,/data/wohllab/2025.07.10_fp/input/Filter_Paper_Sequencing_Run_2/plate1_E10_FP25_WS__SW_S113_L008_R1_001.fastq.gz,/data/wohllab/2025.07.10_fp/input/Filter_Paper_Sequencing_Run_2/plate1_E10_FP25_WS__SW_S113_L008_R2_001.fastq.gz,plate1-E10,FP25,WS_SW,WS Swabs,Filter_Paper_Sequencing_Run_2
plate1_E11_FP34_WS_FP,/data/wohllab/2025.07.10_fp/input/Filter_Paper_Sequencing_Run_2/plate1_E11_FP34_WS_FP_S100_L008_R1_001.fastq.gz,/data/wohllab/2025.07.10_fp/input/Filter_Paper_Sequencing_Run_2/plate1_E11_FP34_WS_FP_S100_L008_R2_001.fastq.gz,plate1-E11,FP34,WS_FP,WS FP,Filter_Paper_Sequencing_Run_2
plate1_E12_FP23_WS_Q,/data/wohllab/2025.07.10_fp/input/Filter_Paper_Sequencing_Run_2/plate1_E12_FP23_WS_Q_S80_L008_R1_001.sub.fastq.gz,/data/wohllab/2025.07.10_fp/input/Filter_Paper_Sequencing_Run_2/plate1_E12_FP23_WS_Q_S80_L008_R2_001.sub.fastq.gz,plate1-E12,FP23,WS_Q,WS Qiagen,Filter_Paper_Sequencing_Run_2
plate1_E1_FP08_QI,/data/wohllab/2025.07.10_fp/input/Filter_Paper_Sequencing_Run_2/plate1_E1_FP08_QI_S25_L008_R1_001.fastq.gz,/data/wohllab/2025.07.10_fp/input/Filter_Paper_Sequencing_Run_2/plate1_E1_FP08_QI_S25_L008_R2_001.fastq.gz,plate1-E1,FP08,QI,Qiagen Isolates,Filter_Paper_Sequencing_Run_2
plate1_E2_FP01_BI,/data/wohllab/2025.07.10_fp/input/Filter_Paper_Sequencing_Run_2/plate1_E2_FP01_BI_S71_L008_R1_001.fastq.gz,/data/wohllab/2025.07.10_fp/input/Filter_Paper_Sequencing_Run_2/plate1_E2_FP01_BI_S71_L008_R2_001.fastq.gz,plate1-E2,FP01,BI,Boiled Isolate,Filter_Paper_Sequencing_Run_2
plate1_E3_FP14_BI,/data/wohllab/2025.07.10_fp/input/Filter_Paper_Sequencing_Run_2/plate1_E3_FP14_BI_S111_L008_R1_001.fastq.gz,/data/wohllab/2025.07.10_fp/input/Filter_Paper_Sequencing_Run_2/plate1_E3_FP14_BI_S111_L008_R2_001.fastq.gz,plate1-E3,FP14,BI,Boiled Isolate,Filter_Paper_Sequencing_Run_2
plate1_E4_FP28_QI,/data/wohllab/2025.07.10_fp/input/Filter_Paper_Sequencing_Run_2/plate1_E4_FP28_QI_S77_L008_R1_001.fastq.gz,/data/wohllab/2025.07.10_fp/input/Filter_Paper_Sequencing_Run_2/plate1_E4_FP28_QI_S77_L008_R2_001.fastq.gz,plate1-E4,FP28,QI,Qiagen Isolates,Filter_Paper_Sequencing_Run_2
plate1_E5_FP39_BI,/data/wohllab/2025.07.10_fp/input/Filter_Paper_Sequencing_Run_2/plate1_E5_FP39_BI_S32_L008_R1_001.fastq.gz,/data/wohllab/2025.07.10_fp/input/Filter_Paper_Sequencing_Run_2/plate1_E5_FP39_BI_S32_L008_R2_001.fastq.gz,plate1-E5,FP39,BI,Boiled Isolate,Filter_Paper_Sequencing_Run_2
plate1_E6_FP22_RDT_IS_TCBS,/data/wohllab/2025.07.10_fp/input/Filter_Paper_Sequencing_Run_2/plate1_E6_FP22_RDT_IS_TCBS_S67_L008_R1_001.fastq.gz,/data/wohllab/2025.07.10_fp/input/Filter_Paper_Sequencing_Run_2/plate1_E6_FP22_RDT_IS_TCBS_S67_L008_R2_001.fastq.gz,plate1-E6,FP22,RDT_IS_TCBS,RDT of Isolates from TCBS,Filter_Paper_Sequencing_Run_2
plate1_E7_FP28_FP_WS_APW,/data/wohllab/2025.07.10_fp/input/Filter_Paper_Sequencing_Run_2/plate1_E7_FP28_FP_WS_APW_S86_L008_R1_001.fastq.gz,/data/wohllab/2025.07.10_fp/input/Filter_Paper_Sequencing_Run_2/plate1_E7_FP28_FP_WS_APW_S86_L008_R2_001.fastq.gz,plate1-E7,FP28,FP_WS_APW,FP WS in APW,Filter_Paper_Sequencing_Run_2
plate1_E8_FP39_RDT_WS_APW,/data/wohllab/2025.07.10_fp/input/Filter_Paper_Sequencing_Run_2/plate1_E8_FP39_RDT_WS_APW_S81_L008_R1_001.fastq.gz,/data/wohllab/2025.07.10_fp/input/Filter_Paper_Sequencing_Run_2/plate1_E8_FP39_RDT_WS_APW_S81_L008_R2_001.fastq.gz,plate1-E8,FP39,RDT_WS_APW,RDT WS in APW,Filter_Paper_Sequencing_Run_2
plate1_E9_FP04_WS_RDT,/data/wohllab/2025.07.10_fp/input/Filter_Paper_Sequencing_Run_2/plate1_E9_FP04_WS_RDT_S56_L008_R1_001.fastq.gz,/data/wohllab/2025.07.10_fp/input/Filter_Paper_Sequencing_Run_2/plate1_E9_FP04_WS_RDT_S56_L008_R2_001.fastq.gz,plate1-E9,FP04,WS_RDT,WS RDT,Filter_Paper_Sequencing_Run_2
plate1_F10_FP28_WS__SW,/data/wohllab/2025.07.10_fp/input/Filter_Paper_Sequencing_Run_2/plate1_F10_FP28_WS__SW_S66_L008_R1_001.fastq.gz,/data/wohllab/2025.07.10_fp/input/Filter_Paper_Sequencing_Run_2/plate1_F10_FP28_WS__SW_S66_L008_R2_001.fastq.gz,plate1-F10,FP28,WS_SW,WS Swabs,Filter_Paper_Sequencing_Run_2
plate1_F11_FP39_WS_FP,/data/wohllab/2025.07.10_fp/input/Filter_Paper_Sequencing_Run_2/plate1_F11_FP39_WS_FP_S93_L008_R1_001.fastq.gz,/data/wohllab/2025.07.10_fp/input/Filter_Paper_Sequencing_Run_2/plate1_F11_FP39_WS_FP_S93_L008_R2_001.fastq.gz,plate1-F11,FP39,WS_FP,WS FP,Filter_Paper_Sequencing_Run_2
plate1_F12_FP23_RDT_WS_APW,/data/wohllab/2025.07.10_fp/input/Filter_Paper_Sequencing_Run_2/plate1_F12_FP23_RDT_WS_APW_S49_L008_R1_001.fastq.gz,/data/wohllab/2025.07.10_fp/input/Filter_Paper_Sequencing_Run_2/plate1_F12_FP23_RDT_WS_APW_S49_L008_R2_001.fastq.gz,plate1-F12,FP23,RDT_WS_APW,RDT WS in APW,Filter_Paper_Sequencing_Run_2
plate1_F1_FP09_QI,/data/wohllab/2025.07.10_fp/input/Filter_Paper_Sequencing_Run_2/plate1_F1_FP09_QI_S46_L008_R1_001.fastq.gz,/data/wohllab/2025.07.10_fp/input/Filter_Paper_Sequencing_Run_2/plate1_F1_FP09_QI_S46_L008_R2_001.fastq.gz,plate1-F1,FP09,QI,Qiagen Isolates,Filter_Paper_Sequencing_Run_2
plate1_F2_FP03_BI,/data/wohllab/2025.07.10_fp/input/Filter_Paper_Sequencing_Run_2/plate1_F2_FP03_BI_S103_L008_R1_001.fastq.gz,/data/wohllab/2025.07.10_fp/input/Filter_Paper_Sequencing_Run_2/plate1_F2_FP03_BI_S103_L008_R2_001.fastq.gz,plate1-F2,FP03,BI,Boiled Isolate,Filter_Paper_Sequencing_Run_2
plate1_F3_FP16_BI,/data/wohllab/2025.07.10_fp/input/Filter_Paper_Sequencing_Run_2/plate1_F3_FP16_BI_S68_L008_R1_001.fastq.gz,/data/wohllab/2025.07.10_fp/input/Filter_Paper_Sequencing_Run_2/plate1_F3_FP16_BI_S68_L008_R2_001.fastq.gz,plate1-F3,FP16,BI,Boiled Isolate,Filter_Paper_Sequencing_Run_2
plate1_F4_FP34_QI,/data/wohllab/2025.07.10_fp/input/Filter_Paper_Sequencing_Run_2/plate1_F4_FP34_QI_S45_L008_R1_001.fastq.gz,/data/wohllab/2025.07.10_fp/input/Filter_Paper_Sequencing_Run_2/plate1_F4_FP34_QI_S45_L008_R2_001.fastq.gz,plate1-F4,FP34,QI,Qiagen Isolates,Filter_Paper_Sequencing_Run_2
plate1_F5_FP04_FP_IS_TCBS,/data/wohllab/2025.07.10_fp/input/Filter_Paper_Sequencing_Run_2/plate1_F5_FP04_FP_IS_TCBS_S18_L008_R1_001.fastq.gz,/data/wohllab/2025.07.10_fp/input/Filter_Paper_Sequencing_Run_2/plate1_F5_FP04_FP_IS_TCBS_S18_L008_R2_001.fastq.gz,plate1-F5,FP04,FP_IS_TCBS,FP Isolates from TCBS,Filter_Paper_Sequencing_Run_2
plate1_F6_FP25_RDT_IS_TCBS,/data/wohllab/2025.07.10_fp/input/Filter_Paper_Sequencing_Run_2/plate1_F6_FP25_RDT_IS_TCBS_S102_L008_R1_001.fastq.gz,/data/wohllab/2025.07.10_fp/input/Filter_Paper_Sequencing_Run_2/plate1_F6_FP25_RDT_IS_TCBS_S102_L008_R2_001.fastq.gz,plate1-F6,FP25,RDT_IS_TCBS,RDT of Isolates from TCBS,Filter_Paper_Sequencing_Run_2
plate1_F7_FP34_FP_WS_APW,/data/wohllab/2025.07.10_fp/input/Filter_Paper_Sequencing_Run_2/plate1_F7_FP34_FP_WS_APW_S17_L008_R1_001.fastq.gz,/data/wohllab/2025.07.10_fp/input/Filter_Paper_Sequencing_Run_2/plate1_F7_FP34_FP_WS_APW_S17_L008_R2_001.fastq.gz,plate1-F7,FP34,FP_WS_APW,FP WS in APW,Filter_Paper_Sequencing_Run_2
plate1_F9_FP22_WS_RDT,/data/wohllab/2025.07.10_fp/input/Filter_Paper_Sequencing_Run_2/plate1_F9_FP22_WS_RDT_S91_L008_R1_001.fastq.gz,/data/wohllab/2025.07.10_fp/input/Filter_Paper_Sequencing_Run_2/plate1_F9_FP22_WS_RDT_S91_L008_R2_001.fastq.gz,plate1-F9,FP22,WS_RDT,WS RDT,Filter_Paper_Sequencing_Run_2
plate1_G10_FP34_WS__SW,/data/wohllab/2025.07.10_fp/input/Filter_Paper_Sequencing_Run_2/plate1_G10_FP34_WS__SW_S65_L008_R1_001.fastq.gz,/data/wohllab/2025.07.10_fp/input/Filter_Paper_Sequencing_Run_2/plate1_G10_FP34_WS__SW_S65_L008_R2_001.fastq.gz,plate1-G10,FP34,WS_SW,WS Swabs,Filter_Paper_Sequencing_Run_2
plate1_G11_FP24_WS_Q,/data/wohllab/2025.07.10_fp/input/Filter_Paper_Sequencing_Run_2/plate1_G11_FP24_WS_Q_S101_L008_R1_001.fastq.gz,/data/wohllab/2025.07.10_fp/input/Filter_Paper_Sequencing_Run_2/plate1_G11_FP24_WS_Q_S101_L008_R2_001.fastq.gz,plate1-G11,FP24,WS_Q,WS Qiagen,Filter_Paper_Sequencing_Run_2
plate1_G12_FP23_FP_WS_APW,/data/wohllab/2025.07.10_fp/input/Filter_Paper_Sequencing_Run_2/plate1_G12_FP23_FP_WS_APW_S53_L008_R1_001.fastq.gz,/data/wohllab/2025.07.10_fp/input/Filter_Paper_Sequencing_Run_2/plate1_G12_FP23_FP_WS_APW_S53_L008_R2_001.fastq.gz,plate1-G12,FP23,FP_WS_APW,FP WS in APW,Filter_Paper_Sequencing_Run_2
plate1_G1_FP12_QI,/data/wohllab/2025.07.10_fp/input/Filter_Paper_Sequencing_Run_2/plate1_G1_FP12_QI_S22_L008_R1_001.fastq.gz,/data/wohllab/2025.07.10_fp/input/Filter_Paper_Sequencing_Run_2/plate1_G1_FP12_QI_S22_L008_R2_001.fastq.gz,plate1-G1,FP12,QI,Qiagen Isolates,Filter_Paper_Sequencing_Run_2
plate1_G2_FP05_BI,/data/wohllab/2025.07.10_fp/input/Filter_Paper_Sequencing_Run_2/plate1_G2_FP05_BI_S52_L008_R1_001.fastq.gz,/data/wohllab/2025.07.10_fp/input/Filter_Paper_Sequencing_Run_2/plate1_G2_FP05_BI_S52_L008_R2_001.fastq.gz,plate1-G2,FP05,BI,Boiled Isolate,Filter_Paper_Sequencing_Run_2
plate1_G3_FP17_BI,/data/wohllab/2025.07.10_fp/input/Filter_Paper_Sequencing_Run_2/plate1_G3_FP17_BI_S70_L008_R1_001.fastq.gz,/data/wohllab/2025.07.10_fp/input/Filter_Paper_Sequencing_Run_2/plate1_G3_FP17_BI_S70_L008_R2_001.fastq.gz,plate1-G3,FP17,BI,Boiled Isolate,Filter_Paper_Sequencing_Run_2
plate1_G4_FP39_QI,/data/wohllab/2025.07.10_fp/input/Filter_Paper_Sequencing_Run_2/plate1_G4_FP39_QI_S50_L008_R1_001.fastq.gz,/data/wohllab/2025.07.10_fp/input/Filter_Paper_Sequencing_Run_2/plate1_G4_FP39_QI_S50_L008_R2_001.fastq.gz,plate1-G4,FP39,QI,Qiagen Isolates,Filter_Paper_Sequencing_Run_2
plate1_G5_FP22_FP_IS_TCBS,/data/wohllab/2025.07.10_fp/input/Filter_Paper_Sequencing_Run_2/plate1_G5_FP22_FP_IS_TCBS_S12_L008_R1_001.fastq.gz,/data/wohllab/2025.07.10_fp/input/Filter_Paper_Sequencing_Run_2/plate1_G5_FP22_FP_IS_TCBS_S12_L008_R2_001.fastq.gz,plate1-G5,FP22,FP_IS_TCBS,FP Isolates from TCBS,Filter_Paper_Sequencing_Run_2
plate1_G6_FP28_RDT_IS_TCBS,/data/wohllab/2025.07.10_fp/input/Filter_Paper_Sequencing_Run_2/plate1_G6_FP28_RDT_IS_TCBS_S88_L008_R1_001.fastq.gz,/data/wohllab/2025.07.10_fp/input/Filter_Paper_Sequencing_Run_2/plate1_G6_FP28_RDT_IS_TCBS_S88_L008_R2_001.fastq.gz,plate1-G6,FP28,RDT_IS_TCBS,RDT of Isolates from TCBS,Filter_Paper_Sequencing_Run_2
plate1_G7_FP39_FP_WS_APW,/data/wohllab/2025.07.10_fp/input/Filter_Paper_Sequencing_Run_2/plate1_G7_FP39_FP_WS_APW_S55_L008_R1_001.fastq.gz,/data/wohllab/2025.07.10_fp/input/Filter_Paper_Sequencing_Run_2/plate1_G7_FP39_FP_WS_APW_S55_L008_R2_001.fastq.gz,plate1-G7,FP39,FP_WS_APW,FP WS in APW,Filter_Paper_Sequencing_Run_2
plate1_G8_FP04_WS_Q,/data/wohllab/2025.07.10_fp/input/Filter_Paper_Sequencing_Run_2/plate1_G8_FP04_WS_Q_S109_L008_R1_001.fastq.gz,/data/wohllab/2025.07.10_fp/input/Filter_Paper_Sequencing_Run_2/plate1_G8_FP04_WS_Q_S109_L008_R2_001.fastq.gz,plate1-G8,FP04,WS_Q,WS Qiagen,Filter_Paper_Sequencing_Run_2
plate1_G9_FP25_WS_RDT,/data/wohllab/2025.07.10_fp/input/Filter_Paper_Sequencing_Run_2/plate1_G9_FP25_WS_RDT_S69_L008_R1_001.fastq.gz,/data/wohllab/2025.07.10_fp/input/Filter_Paper_Sequencing_Run_2/plate1_G9_FP25_WS_RDT_S69_L008_R2_001.fastq.gz,plate1-G9,FP25,WS_RDT,WS RDT,Filter_Paper_Sequencing_Run_2
plate1_H10_FP39_WS__SW,/data/wohllab/2025.07.10_fp/input/Filter_Paper_Sequencing_Run_2/plate1_H10_FP39_WS__SW_S121_L008_R1_001.fastq.gz,/data/wohllab/2025.07.10_fp/input/Filter_Paper_Sequencing_Run_2/plate1_H10_FP39_WS__SW_S121_L008_R2_001.fastq.gz,plate1-H10,FP39,WS_SW,WS Swabs,Filter_Paper_Sequencing_Run_2
plate1_H11_FP24_WS_SW,/data/wohllab/2025.07.10_fp/input/Filter_Paper_Sequencing_Run_2/plate1_H11_FP24_WS_SW_S58_L008_R1_001.fastq.gz,/data/wohllab/2025.07.10_fp/input/Filter_Paper_Sequencing_Run_2/plate1_H11_FP24_WS_SW_S58_L008_R2_001.fastq.gz,plate1-H11,FP24,WS_SW,WS Swabs,Filter_Paper_Sequencing_Run_2
plate1_H12_FP23_FP_IS_TCBS,/data/wohllab/2025.07.10_fp/input/Filter_Paper_Sequencing_Run_2/plate1_H12_FP23_FP_IS_TCBS_S39_L008_R1_001.fastq.gz,/data/wohllab/2025.07.10_fp/input/Filter_Paper_Sequencing_Run_2/plate1_H12_FP23_FP_IS_TCBS_S39_L008_R2_001.fastq.gz,plate1-H12,FP23,FP_IS_TCBS,FP Isolates from TCBS,Filter_Paper_Sequencing_Run_2
plate1_H1_FP13_QI,/data/wohllab/2025.07.10_fp/input/Filter_Paper_Sequencing_Run_2/plate1_H1_FP13_QI_S94_L008_R1_001.fastq.gz,/data/wohllab/2025.07.10_fp/input/Filter_Paper_Sequencing_Run_2/plate1_H1_FP13_QI_S94_L008_R2_001.fastq.gz,plate1-H1,FP13,QI,Qiagen Isolates,Filter_Paper_Sequencing_Run_2
plate1_H2_FP06_BI,/data/wohllab/2025.07.10_fp/input/Filter_Paper_Sequencing_Run_2/plate1_H2_FP06_BI_S23_L008_R1_001.fastq.gz,/data/wohllab/2025.07.10_fp/input/Filter_Paper_Sequencing_Run_2/plate1_H2_FP06_BI_S23_L008_R2_001.fastq.gz,plate1-H2,FP06,BI,Boiled Isolate,Filter_Paper_Sequencing_Run_2
plate1_H3_FP24_BI,/data/wohllab/2025.07.10_fp/input/Filter_Paper_Sequencing_Run_2/plate1_H3_FP24_BI_S26_L008_R1_001.fastq.gz,/data/wohllab/2025.07.10_fp/input/Filter_Paper_Sequencing_Run_2/plate1_H3_FP24_BI_S26_L008_R2_001.fastq.gz,plate1-H3,FP24,BI,Boiled Isolate,Filter_Paper_Sequencing_Run_2
plate1_H4_FP04_BI,/data/wohllab/2025.07.10_fp/input/Filter_Paper_Sequencing_Run_2/plate1_H4_FP04_BI_S40_L008_R1_001.fastq.gz,/data/wohllab/2025.07.10_fp/input/Filter_Paper_Sequencing_Run_2/plate1_H4_FP04_BI_S40_L008_R2_001.fastq.gz,plate1-H4,FP04,BI,Boiled Isolate,Filter_Paper_Sequencing_Run_2
plate1_H5_FP25_FP_IS_TCBS,/data/wohllab/2025.07.10_fp/input/Filter_Paper_Sequencing_Run_2/plate1_H5_FP25_FP_IS_TCBS_S14_L008_R1_001.fastq.gz,/data/wohllab/2025.07.10_fp/input/Filter_Paper_Sequencing_Run_2/plate1_H5_FP25_FP_IS_TCBS_S14_L008_R2_001.fastq.gz,plate1-H5,FP25,FP_IS_TCBS,FP Isolates from TCBS,Filter_Paper_Sequencing_Run_2
plate1_H6_FP34_RDT_IS_TCBS,/data/wohllab/2025.07.10_fp/input/Filter_Paper_Sequencing_Run_2/plate1_H6_FP34_RDT_IS_TCBS_S115_L008_R1_001.fastq.gz,/data/wohllab/2025.07.10_fp/input/Filter_Paper_Sequencing_Run_2/plate1_H6_FP34_RDT_IS_TCBS_S115_L008_R2_001.fastq.gz,plate1-H6,FP34,RDT_IS_TCBS,RDT of Isolates from TCBS,Filter_Paper_Sequencing_Run_2
plate1_H7_FP04_RDT_WS_APW,/data/wohllab/2025.07.10_fp/input/Filter_Paper_Sequencing_Run_2/plate1_H7_FP04_RDT_WS_APW_S78_L008_R1_001.fastq.gz,/data/wohllab/2025.07.10_fp/input/Filter_Paper_Sequencing_Run_2/plate1_H7_FP04_RDT_WS_APW_S78_L008_R2_001.fastq.gz,plate1-H7,FP04,RDT_WS_APW,RDT WS in APW,Filter_Paper_Sequencing_Run_2
plate1_H8_FP22_WS_Q,/data/wohllab/2025.07.10_fp/input/Filter_Paper_Sequencing_Run_2/plate1_H8_FP22_WS_Q_S75_L008_R1_001.sub.fastq.gz,/data/wohllab/2025.07.10_fp/input/Filter_Paper_Sequencing_Run_2/plate1_H8_FP22_WS_Q_S75_L008_R2_001.sub.fastq.gz,plate1-H8,FP22,WS_Q,WS Qiagen,Filter_Paper_Sequencing_Run_2
plate1_H9_FP28_WS_RDT,/data/wohllab/2025.07.10_fp/input/Filter_Paper_Sequencing_Run_2/plate1_H9_FP28_WS_RDT_S74_L008_R1_001.fastq.gz,/data/wohllab/2025.07.10_fp/input/Filter_Paper_Sequencing_Run_2/plate1_H9_FP28_WS_RDT_S74_L008_R2_001.fastq.gz,plate1-H9,FP28,WS_RDT,WS RDT,Filter_Paper_Sequencing_Run_2
plate2_A1_FP01_WS_RDT,/data/wohllab/2025.07.10_fp/input/Filter_Paper_Sequencing_Run_2/plate2_A1_FP01_WS_RDT_S34_L008_R1_001.fastq.gz,/data/wohllab/2025.07.10_fp/input/Filter_Paper_Sequencing_Run_2/plate2_A1_FP01_WS_RDT_S34_L008_R2_001.fastq.gz,plate2-A1,FP01,WS_RDT,WS RDT,Filter_Paper_Sequencing_Run_2
plate2_A2_FP14_WS_RDT,/data/wohllab/2025.07.10_fp/input/Filter_Paper_Sequencing_Run_2/plate2_A2_FP14_WS_RDT_S3_L008_R1_001.fastq.gz,/data/wohllab/2025.07.10_fp/input/Filter_Paper_Sequencing_Run_2/plate2_A2_FP14_WS_RDT_S3_L008_R2_001.fastq.gz,plate2-A2,FP14,WS_RDT,WS RDT,Filter_Paper_Sequencing_Run_2
plate2_B1_FP03_WS_RDT,/data/wohllab/2025.07.10_fp/input/Filter_Paper_Sequencing_Run_2/plate2_B1_FP03_WS_RDT_S114_L008_R1_001.fastq.gz,/data/wohllab/2025.07.10_fp/input/Filter_Paper_Sequencing_Run_2/plate2_B1_FP03_WS_RDT_S114_L008_R2_001.fastq.gz,plate2-B1,FP03,WS_RDT,WS RDT,Filter_Paper_Sequencing_Run_2
plate2_B2_FP16_WS_RDT,/data/wohllab/2025.07.10_fp/input/Filter_Paper_Sequencing_Run_2/plate2_B2_FP16_WS_RDT_S11_L008_R1_001.fastq.gz,/data/wohllab/2025.07.10_fp/input/Filter_Paper_Sequencing_Run_2/plate2_B2_FP16_WS_RDT_S11_L008_R2_001.fastq.gz,plate2-B2,FP16,WS_RDT,WS RDT,Filter_Paper_Sequencing_Run_2
plate2_C1_FP05_WS_RDT,/data/wohllab/2025.07.10_fp/input/Filter_Paper_Sequencing_Run_2/plate2_C1_FP05_WS_RDT_S90_L008_R1_001.fastq.gz,/data/wohllab/2025.07.10_fp/input/Filter_Paper_Sequencing_Run_2/plate2_C1_FP05_WS_RDT_S90_L008_R2_001.fastq.gz,plate2-C1,FP05,WS_RDT,WS RDT,Filter_Paper_Sequencing_Run_2
plate2_C2_FP17_WS_RDT,/data/wohllab/2025.07.10_fp/input/Filter_Paper_Sequencing_Run_2/plate2_C2_FP17_WS_RDT_S116_L008_R1_001.fastq.gz,/data/wohllab/2025.07.10_fp/input/Filter_Paper_Sequencing_Run_2/plate2_C2_FP17_WS_RDT_S116_L008_R2_001.fastq.gz,plate2-C2,FP17,WS_RDT,WS RDT,Filter_Paper_Sequencing_Run_2
plate2_D1_FP06_WS_RDT,/data/wohllab/2025.07.10_fp/input/Filter_Paper_Sequencing_Run_2/plate2_D1_FP06_WS_RDT_S122_L008_R1_001.fastq.gz,/data/wohllab/2025.07.10_fp/input/Filter_Paper_Sequencing_Run_2/plate2_D1_FP06_WS_RDT_S122_L008_R2_001.fastq.gz,plate2-D1,FP06,WS_RDT,WS RDT,Filter_Paper_Sequencing_Run_2
plate2_D2_FP24_WS_RDT,/data/wohllab/2025.07.10_fp/input/Filter_Paper_Sequencing_Run_2/plate2_D2_FP24_WS_RDT_S38_L008_R1_001.fastq.gz,/data/wohllab/2025.07.10_fp/input/Filter_Paper_Sequencing_Run_2/plate2_D2_FP24_WS_RDT_S38_L008_R2_001.fastq.gz,plate2-D2,FP24,WS_RDT,WS RDT,Filter_Paper_Sequencing_Run_2
plate2_E1_FP08_WS_RDT,/data/wohllab/2025.07.10_fp/input/Filter_Paper_Sequencing_Run_2/plate2_E1_FP08_WS_RDT_S108_L008_R1_001.fastq.gz,/data/wohllab/2025.07.10_fp/input/Filter_Paper_Sequencing_Run_2/plate2_E1_FP08_WS_RDT_S108_L008_R2_001.fastq.gz,plate2-E1,FP08,WS_RDT,WS RDT,Filter_Paper_Sequencing_Run_2
plate2_E2_FP23_WS_RDT,/data/wohllab/2025.07.10_fp/input/Filter_Paper_Sequencing_Run_2/plate2_E2_FP23_WS_RDT_S36_L008_R1_001.fastq.gz,/data/wohllab/2025.07.10_fp/input/Filter_Paper_Sequencing_Run_2/plate2_E2_FP23_WS_RDT_S36_L008_R2_001.fastq.gz,plate2-E2,FP23,WS_RDT,WS RDT,Filter_Paper_Sequencing_Run_2
plate2_F1_FP09_WS_RDT,/data/wohllab/2025.07.10_fp/input/Filter_Paper_Sequencing_Run_2/plate2_F1_FP09_WS_RDT_S19_L008_R1_001.fastq.gz,/data/wohllab/2025.07.10_fp/input/Filter_Paper_Sequencing_Run_2/plate2_F1_FP09_WS_RDT_S19_L008_R2_001.fastq.gz,plate2-F1,FP09,WS_RDT,WS RDT,Filter_Paper_Sequencing_Run_2
plate2_F2_FP23_SW,/data/wohllab/2025.07.10_fp/input/Filter_Paper_Sequencing_Run_2/plate2_F2_FP23_SW_S120_L008_R1_001.fastq.gz,/data/wohllab/2025.07.10_fp/input/Filter_Paper_Sequencing_Run_2/plate2_F2_FP23_SW_S120_L008_R2_001.fastq.gz,plate2-F2,FP23,WS_SW,WS Swabs,Filter_Paper_Sequencing_Run_2
plate2_G1_FP12_WS_RDT,/data/wohllab/2025.07.10_fp/input/Filter_Paper_Sequencing_Run_2/plate2_G1_FP12_WS_RDT_S47_L008_R1_001.fastq.gz,/data/wohllab/2025.07.10_fp/input/Filter_Paper_Sequencing_Run_2/plate2_G1_FP12_WS_RDT_S47_L008_R2_001.fastq.gz,plate2-G1,FP12,WS_RDT,WS RDT,Filter_Paper_Sequencing_Run_2
plate2_G2_FP23_WS_RDT,/data/wohllab/2025.07.10_fp/input/Filter_Paper_Sequencing_Run_2/plate2_G2_FP23_WS_RDT_S20_L008_R1_001.fastq.gz,/data/wohllab/2025.07.10_fp/input/Filter_Paper_Sequencing_Run_2/plate2_G2_FP23_WS_RDT_S20_L008_R2_001.fastq.gz,plate2-G2,FP23,WS_RDT,WS RDT,Filter_Paper_Sequencing_Run_2
plate2_H1_FP13_WS_RDT,/data/wohllab/2025.07.10_fp/input/Filter_Paper_Sequencing_Run_2/plate2_H1_FP13_WS_RDT_S105_L008_R1_001.fastq.gz,/data/wohllab/2025.07.10_fp/input/Filter_Paper_Sequencing_Run_2/plate2_H1_FP13_WS_RDT_S105_L008_R2_001.fastq.gz,plate2-H1,FP13,WS_RDT,WS RDT,Filter_Paper_Sequencing_Run_2
plate3_A10_FP20_FP_WSAPW,/data/wohllab/2025.07.10_fp/input/Filter_Paper_Sequencing_Run_3/plate3_A10_FP20_FP_WSAPW_S7_L007_R1_001.fastq.gz,/data/wohllab/2025.07.10_fp/input/Filter_Paper_Sequencing_Run_3/plate3_A10_FP20_FP_WSAPW_S7_L007_R2_001.fastq.gz,plate3-A10,FP20,FP_WS_APW,FP WS in APW,Filter_Paper_Sequencing_Run_3
plate3_A11_FP20_FP_IS_TCBS,/data/wohllab/2025.07.10_fp/input/Filter_Paper_Sequencing_Run_3/plate3_A11_FP20_FP_IS_TCBS_S30_L007_R1_001.fastq.gz,/data/wohllab/2025.07.10_fp/input/Filter_Paper_Sequencing_Run_3/plate3_A11_FP20_FP_IS_TCBS_S30_L007_R2_001.fastq.gz,plate3-A11,FP20,FP_IS_TCBS,FP Isolates from TCBS,Filter_Paper_Sequencing_Run_3
plate3_A12_FP10_BI,/data/wohllab/2025.07.10_fp/input/Filter_Paper_Sequencing_Run_3/plate3_A12_FP10_BI_S19_L007_R1_001.fastq.gz,/data/wohllab/2025.07.10_fp/input/Filter_Paper_Sequencing_Run_3/plate3_A12_FP10_BI_S19_L007_R2_001.fastq.gz,plate3-A12,FP10,BI,Boiled Isolate,Filter_Paper_Sequencing_Run_3
plate3_A7_FP20_WS_Q,/data/wohllab/2025.07.10_fp/input/Filter_Paper_Sequencing_Run_3/plate3_A7_FP20_WS_Q_S39_L007_R1_001.fastq.gz,/data/wohllab/2025.07.10_fp/input/Filter_Paper_Sequencing_Run_3/plate3_A7_FP20_WS_Q_S39_L007_R2_001.fastq.gz,plate3-A7,FP20,WS_Q,WS Qiagen,Filter_Paper_Sequencing_Run_3
plate3_A8_FP20_WS_RDT,/data/wohllab/2025.07.10_fp/input/Filter_Paper_Sequencing_Run_3/plate3_A8_FP20_WS_RDT_S68_L007_R1_001.fastq.gz,/data/wohllab/2025.07.10_fp/input/Filter_Paper_Sequencing_Run_3/plate3_A8_FP20_WS_RDT_S68_L007_R2_001.fastq.gz,plate3-A8,FP20,WS_RDT,WS RDT,Filter_Paper_Sequencing_Run_3
plate3_A9_FP20_QI,/data/wohllab/2025.07.10_fp/input/Filter_Paper_Sequencing_Run_3/plate3_A9_FP20_QI_S79_L007_R1_001.fastq.gz,/data/wohllab/2025.07.10_fp/input/Filter_Paper_Sequencing_Run_3/plate3_A9_FP20_QI_S79_L007_R2_001.fastq.gz,plate3-A9,FP20,QI,Qiagen Isolates,Filter_Paper_Sequencing_Run_3
plate3_B10_FP27_FP_WSAPW,/data/wohllab/2025.07.10_fp/input/Filter_Paper_Sequencing_Run_3/plate3_B10_FP27_FP_WSAPW_S45_L007_R1_001.fastq.gz,/data/wohllab/2025.07.10_fp/input/Filter_Paper_Sequencing_Run_3/plate3_B10_FP27_FP_WSAPW_S45_L007_R2_001.fastq.gz,plate3-B10,FP27,FP_WS_APW,FP WS in APW,Filter_Paper_Sequencing_Run_3
plate3_B11_FP27_FP_IS_TCBS,/data/wohllab/2025.07.10_fp/input/Filter_Paper_Sequencing_Run_3/plate3_B11_FP27_FP_IS_TCBS_S88_L007_R1_001.fastq.gz,/data/wohllab/2025.07.10_fp/input/Filter_Paper_Sequencing_Run_3/plate3_B11_FP27_FP_IS_TCBS_S88_L007_R2_001.fastq.gz,plate3-B11,FP27,FP_IS_TCBS,FP Isolates from TCBS,Filter_Paper_Sequencing_Run_3
plate3_B12_FP10_QI,/data/wohllab/2025.07.10_fp/input/Filter_Paper_Sequencing_Run_3/plate3_B12_FP10_QI_S60_L007_R1_001.fastq.gz,/data/wohllab/2025.07.10_fp/input/Filter_Paper_Sequencing_Run_3/plate3_B12_FP10_QI_S60_L007_R2_001.fastq.gz,plate3-B12,FP10,QI,Qiagen Isolates,Filter_Paper_Sequencing_Run_3
plate3_B7_FP27_WS_Q,/data/wohllab/2025.07.10_fp/input/Filter_Paper_Sequencing_Run_3/plate3_B7_FP27_WS_Q_S8_L007_R1_001.fastq.gz,/data/wohllab/2025.07.10_fp/input/Filter_Paper_Sequencing_Run_3/plate3_B7_FP27_WS_Q_S8_L007_R2_001.fastq.gz,plate3-B7,FP27,WS_Q,WS Qiagen,Filter_Paper_Sequencing_Run_3
plate3_B8_FP27_WS_RDT,/data/wohllab/2025.07.10_fp/input/Filter_Paper_Sequencing_Run_3/plate3_B8_FP27_WS_RDT_S49_L007_R1_001.fastq.gz,/data/wohllab/2025.07.10_fp/input/Filter_Paper_Sequencing_Run_3/plate3_B8_FP27_WS_RDT_S49_L007_R2_001.fastq.gz,plate3-B8,FP27,WS_RDT,WS RDT,Filter_Paper_Sequencing_Run_3
plate3_B9_FP27_QI,/data/wohllab/2025.07.10_fp/input/Filter_Paper_Sequencing_Run_3/plate3_B9_FP27_QI_S73_L007_R1_001.fastq.gz,/data/wohllab/2025.07.10_fp/input/Filter_Paper_Sequencing_Run_3/plate3_B9_FP27_QI_S73_L007_R2_001.fastq.gz,plate3-B9,FP27,QI,Qiagen Isolates,Filter_Paper_Sequencing_Run_3
plate3_C10_FP33_FP_WSAPW,/data/wohllab/2025.07.10_fp/input/Filter_Paper_Sequencing_Run_3/plate3_C10_FP33_FP_WSAPW_S51_L007_R1_001.fastq.gz,/data/wohllab/2025.07.10_fp/input/Filter_Paper_Sequencing_Run_3/plate3_C10_FP33_FP_WSAPW_S51_L007_R2_001.fastq.gz,plate3-C10,FP33,FP_WS_APW,FP WS in APW,Filter_Paper_Sequencing_Run_3
plate3_C11_FP33_FP_IS_TCBS,/data/wohllab/2025.07.10_fp/input/Filter_Paper_Sequencing_Run_3/plate3_C11_FP33_FP_IS_TCBS_S92_L007_R1_001.fastq.gz,/data/wohllab/2025.07.10_fp/input/Filter_Paper_Sequencing_Run_3/plate3_C11_FP33_FP_IS_TCBS_S92_L007_R2_001.fastq.gz,plate3-C11,FP33,FP_IS_TCBS,FP Isolates from TCBS,Filter_Paper_Sequencing_Run_3
plate3_C12_FP10_WS_RDT,/data/wohllab/2025.07.10_fp/input/Filter_Paper_Sequencing_Run_3/plate3_C12_FP10_WS_RDT_S22_L007_R1_001.fastq.gz,/data/wohllab/2025.07.10_fp/input/Filter_Paper_Sequencing_Run_3/plate3_C12_FP10_WS_RDT_S22_L007_R2_001.fastq.gz,plate3-C12,FP10,WS_RDT,WS RDT,Filter_Paper_Sequencing_Run_3
plate3_C7_FP33_WS_Q,/data/wohllab/2025.07.10_fp/input/Filter_Paper_Sequencing_Run_3/plate3_C7_FP33_WS_Q_S36_L007_R1_001.fastq.gz,/data/wohllab/2025.07.10_fp/input/Filter_Paper_Sequencing_Run_3/plate3_C7_FP33_WS_Q_S36_L007_R2_001.fastq.gz,plate3-C7,FP33,WS_Q,WS Qiagen,Filter_Paper_Sequencing_Run_3
plate3_C8_FP33_WS_RDT,/data/wohllab/2025.07.10_fp/input/Filter_Paper_Sequencing_Run_3/plate3_C8_FP33_WS_RDT_S91_L007_R1_001.fastq.gz,/data/wohllab/2025.07.10_fp/input/Filter_Paper_Sequencing_Run_3/plate3_C8_FP33_WS_RDT_S91_L007_R2_001.fastq.gz,plate3-C8,FP33,WS_RDT,WS RDT,Filter_Paper_Sequencing_Run_3
plate3_C9_FP33_QI,/data/wohllab/2025.07.10_fp/input/Filter_Paper_Sequencing_Run_3/plate3_C9_FP33_QI_S61_L007_R1_001.fastq.gz,/data/wohllab/2025.07.10_fp/input/Filter_Paper_Sequencing_Run_3/plate3_C9_FP33_QI_S61_L007_R2_001.fastq.gz,plate3-C9,FP33,QI,Qiagen Isolates,Filter_Paper_Sequencing_Run_3
plate3_D10_FP36_FP_WSAPW,/data/wohllab/2025.07.10_fp/input/Filter_Paper_Sequencing_Run_3/plate3_D10_FP36_FP_WSAPW_S90_L007_R1_001.fastq.gz,/data/wohllab/2025.07.10_fp/input/Filter_Paper_Sequencing_Run_3/plate3_D10_FP36_FP_WSAPW_S90_L007_R2_001.fastq.gz,plate3-D10,FP36,FP_WS_APW,FP WS in APW,Filter_Paper_Sequencing_Run_3
plate3_D11_FP36_FP_IS_TCBS,/data/wohllab/2025.07.10_fp/input/Filter_Paper_Sequencing_Run_3/plate3_D11_FP36_FP_IS_TCBS_S11_L007_R1_001.fastq.gz,/data/wohllab/2025.07.10_fp/input/Filter_Paper_Sequencing_Run_3/plate3_D11_FP36_FP_IS_TCBS_S11_L007_R2_001.fastq.gz,plate3-D11,FP36,FP_IS_TCBS,FP Isolates from TCBS,Filter_Paper_Sequencing_Run_3
plate3_D12_FP10_WS_Q,/data/wohllab/2025.07.10_fp/input/Filter_Paper_Sequencing_Run_3/plate3_D12_FP10_WS_Q_S35_L007_R1_001.fastq.gz,/data/wohllab/2025.07.10_fp/input/Filter_Paper_Sequencing_Run_3/plate3_D12_FP10_WS_Q_S35_L007_R2_001.fastq.gz,plate3-D12,FP10,WS_Q,WS Qiagen,Filter_Paper_Sequencing_Run_3
plate3_D7_FP36_WS_Q,/data/wohllab/2025.07.10_fp/input/Filter_Paper_Sequencing_Run_3/plate3_D7_FP36_WS_Q_S94_L007_R1_001.fastq.gz,/data/wohllab/2025.07.10_fp/input/Filter_Paper_Sequencing_Run_3/plate3_D7_FP36_WS_Q_S94_L007_R2_001.fastq.gz,plate3-D7,FP36,WS_Q,WS Qiagen,Filter_Paper_Sequencing_Run_3
plate3_D8_FP36_WS_RDT,/data/wohllab/2025.07.10_fp/input/Filter_Paper_Sequencing_Run_3/plate3_D8_FP36_WS_RDT_S56_L007_R1_001.fastq.gz,/data/wohllab/2025.07.10_fp/input/Filter_Paper_Sequencing_Run_3/plate3_D8_FP36_WS_RDT_S56_L007_R2_001.fastq.gz,plate3-D8,FP36,WS_RDT,WS RDT,Filter_Paper_Sequencing_Run_3
plate3_D9_FP36_QI,/data/wohllab/2025.07.10_fp/input/Filter_Paper_Sequencing_Run_3/plate3_D9_FP36_QI_S42_L007_R1_001.fastq.gz,/data/wohllab/2025.07.10_fp/input/Filter_Paper_Sequencing_Run_3/plate3_D9_FP36_QI_S42_L007_R2_001.fastq.gz,plate3-D9,FP36,QI,Qiagen Isolates,Filter_Paper_Sequencing_Run_3
plate3_E10_FP20_RDT_WS_APW,/data/wohllab/2025.07.10_fp/input/Filter_Paper_Sequencing_Run_3/plate3_E10_FP20_RDT_WS_APW_S65_L007_R1_001.fastq.gz,/data/wohllab/2025.07.10_fp/input/Filter_Paper_Sequencing_Run_3/plate3_E10_FP20_RDT_WS_APW_S65_L007_R2_001.fastq.gz,plate3-E10,FP20,RDT_WS_APW,RDT WS in APW,Filter_Paper_Sequencing_Run_3
plate3_E11_FP20_RDT_ISTCBS,/data/wohllab/2025.07.10_fp/input/Filter_Paper_Sequencing_Run_3/plate3_E11_FP20_RDT_ISTCBS_S54_L007_R1_001.fastq.gz,/data/wohllab/2025.07.10_fp/input/Filter_Paper_Sequencing_Run_3/plate3_E11_FP20_RDT_ISTCBS_S54_L007_R2_001.fastq.gz,plate3-E11,FP20,RDT_IS_TCBS,RDT of Isolates from TCBS,Filter_Paper_Sequencing_Run_3
plate3_E12_FP10_WSFP,/data/wohllab/2025.07.10_fp/input/Filter_Paper_Sequencing_Run_3/plate3_E12_FP10_WSFP_S69_L007_R1_001.fastq.gz,/data/wohllab/2025.07.10_fp/input/Filter_Paper_Sequencing_Run_3/plate3_E12_FP10_WSFP_S69_L007_R2_001.fastq.gz,plate3-E12,FP10,WS_FP,WS FP,Filter_Paper_Sequencing_Run_3
plate3_E7_FP20_WS_FP,/data/wohllab/2025.07.10_fp/input/Filter_Paper_Sequencing_Run_3/plate3_E7_FP20_WS_FP_S9_L007_R1_001.fastq.gz,/data/wohllab/2025.07.10_fp/input/Filter_Paper_Sequencing_Run_3/plate3_E7_FP20_WS_FP_S9_L007_R2_001.fastq.gz,plate3-E7,FP20,WS_FP,WS FP,Filter_Paper_Sequencing_Run_3
plate3_E8_FP20_WS_SW,/data/wohllab/2025.07.10_fp/input/Filter_Paper_Sequencing_Run_3/plate3_E8_FP20_WS_SW_S58_L007_R1_001.fastq.gz,/data/wohllab/2025.07.10_fp/input/Filter_Paper_Sequencing_Run_3/plate3_E8_FP20_WS_SW_S58_L007_R2_001.fastq.gz,plate3-E8,FP20,WS_SW,WS Swabs,Filter_Paper_Sequencing_Run_3
plate3_E9_FP20_BI,/data/wohllab/2025.07.10_fp/input/Filter_Paper_Sequencing_Run_3/plate3_E9_FP20_BI_S43_L007_R1_001.fastq.gz,/data/wohllab/2025.07.10_fp/input/Filter_Paper_Sequencing_Run_3/plate3_E9_FP20_BI_S43_L007_R2_001.fastq.gz,plate3-E9,FP20,BI,Boiled Isolate,Filter_Paper_Sequencing_Run_3
plate3_F10_FP27_RDT_WS_APW,/data/wohllab/2025.07.10_fp/input/Filter_Paper_Sequencing_Run_3/plate3_F10_FP27_RDT_WS_APW_S4_L007_R1_001.fastq.gz,/data/wohllab/2025.07.10_fp/input/Filter_Paper_Sequencing_Run_3/plate3_F10_FP27_RDT_WS_APW_S4_L007_R2_001.fastq.gz,plate3-F10,FP27,RDT_WS_APW,RDT WS in APW,Filter_Paper_Sequencing_Run_3
plate3_F11_FP27_RDT_ISTCBS,/data/wohllab/2025.07.10_fp/input/Filter_Paper_Sequencing_Run_3/plate3_F11_FP27_RDT_ISTCBS_S70_L007_R1_001.fastq.gz,/data/wohllab/2025.07.10_fp/input/Filter_Paper_Sequencing_Run_3/plate3_F11_FP27_RDT_ISTCBS_S70_L007_R2_001.fastq.gz,plate3-F11,FP27,RDT_IS_TCBS,RDT of Isolates from TCBS,Filter_Paper_Sequencing_Run_3
plate3_F12_FP10_FP_WS_APW,/data/wohllab/2025.07.10_fp/input/Filter_Paper_Sequencing_Run_3/plate3_F12_FP10_FP_WS_APW_S81_L007_R1_001.fastq.gz,/data/wohllab/2025.07.10_fp/input/Filter_Paper_Sequencing_Run_3/plate3_F12_FP10_FP_WS_APW_S81_L007_R2_001.fastq.gz,plate3-F12,FP10,FP_WS_APW,FP WS in APW,Filter_Paper_Sequencing_Run_3
plate3_F7_FP27_WS_FP,/data/wohllab/2025.07.10_fp/input/Filter_Paper_Sequencing_Run_3/plate3_F7_FP27_WS_FP_S85_L007_R1_001.fastq.gz,/data/wohllab/2025.07.10_fp/input/Filter_Paper_Sequencing_Run_3/plate3_F7_FP27_WS_FP_S85_L007_R2_001.fastq.gz,plate3-F7,FP27,WS_FP,WS FP,Filter_Paper_Sequencing_Run_3
plate3_F8_FP27_WS_SW,/data/wohllab/2025.07.10_fp/input/Filter_Paper_Sequencing_Run_3/plate3_F8_FP27_WS_SW_S59_L007_R1_001.fastq.gz,/data/wohllab/2025.07.10_fp/input/Filter_Paper_Sequencing_Run_3/plate3_F8_FP27_WS_SW_S59_L007_R2_001.fastq.gz,plate3-F8,FP27,WS_SW,WS Swabs,Filter_Paper_Sequencing_Run_3
plate3_F9_FP27_BI,/data/wohllab/2025.07.10_fp/input/Filter_Paper_Sequencing_Run_3/plate3_F9_FP27_BI_S82_L007_R1_001.fastq.gz,/data/wohllab/2025.07.10_fp/input/Filter_Paper_Sequencing_Run_3/plate3_F9_FP27_BI_S82_L007_R2_001.fastq.gz,plate3-F9,FP27,BI,Boiled Isolate,Filter_Paper_Sequencing_Run_3
plate3_G10_FP33_RDT_WS_APW,/data/wohllab/2025.07.10_fp/input/Filter_Paper_Sequencing_Run_3/plate3_G10_FP33_RDT_WS_APW_S38_L007_R1_001.fastq.gz,/data/wohllab/2025.07.10_fp/input/Filter_Paper_Sequencing_Run_3/plate3_G10_FP33_RDT_WS_APW_S38_L007_R2_001.fastq.gz,plate3-G10,FP33,RDT_WS_APW,RDT WS in APW,Filter_Paper_Sequencing_Run_3
plate3_G11_FP33_RDT_ISTCBS,/data/wohllab/2025.07.10_fp/input/Filter_Paper_Sequencing_Run_3/plate3_G11_FP33_RDT_ISTCBS_S84_L007_R1_001.fastq.gz,/data/wohllab/2025.07.10_fp/input/Filter_Paper_Sequencing_Run_3/plate3_G11_FP33_RDT_ISTCBS_S84_L007_R2_001.fastq.gz,plate3-G11,FP33,RDT_IS_TCBS,RDT of Isolates from TCBS,Filter_Paper_Sequencing_Run_3
plate3_G12_FP10_FP_IS_TCBS,/data/wohllab/2025.07.10_fp/input/Filter_Paper_Sequencing_Run_3/plate3_G12_FP10_FP_IS_TCBS_S93_L007_R1_001.fastq.gz,/data/wohllab/2025.07.10_fp/input/Filter_Paper_Sequencing_Run_3/plate3_G12_FP10_FP_IS_TCBS_S93_L007_R2_001.fastq.gz,plate3-G12,FP10,FP_IS_TCBS,FP Isolates from TCBS,Filter_Paper_Sequencing_Run_3
plate3_G7_FP33_WS_FP,/data/wohllab/2025.07.10_fp/input/Filter_Paper_Sequencing_Run_3/plate3_G7_FP33_WS_FP_S24_L007_R1_001.fastq.gz,/data/wohllab/2025.07.10_fp/input/Filter_Paper_Sequencing_Run_3/plate3_G7_FP33_WS_FP_S24_L007_R2_001.fastq.gz,plate3-G7,FP33,WS_FP,WS FP,Filter_Paper_Sequencing_Run_3
plate3_G8_FP33_WS_SW,/data/wohllab/2025.07.10_fp/input/Filter_Paper_Sequencing_Run_3/plate3_G8_FP33_WS_SW_S52_L007_R1_001.fastq.gz,/data/wohllab/2025.07.10_fp/input/Filter_Paper_Sequencing_Run_3/plate3_G8_FP33_WS_SW_S52_L007_R2_001.fastq.gz,plate3-G8,FP33,WS_SW,WS Swabs,Filter_Paper_Sequencing_Run_3
plate3_G9_FP33_BI,/data/wohllab/2025.07.10_fp/input/Filter_Paper_Sequencing_Run_3/plate3_G9_FP33_BI_S48_L007_R1_001.fastq.gz,/data/wohllab/2025.07.10_fp/input/Filter_Paper_Sequencing_Run_3/plate3_G9_FP33_BI_S48_L007_R2_001.fastq.gz,plate3-G9,FP33,BI,Boiled Isolate,Filter_Paper_Sequencing_Run_3
plate3_H10_FP36_RDT_WS_APW,/data/wohllab/2025.07.10_fp/input/Filter_Paper_Sequencing_Run_3/plate3_H10_FP36_RDT_WS_APW_S34_L007_R1_001.fastq.gz,/data/wohllab/2025.07.10_fp/input/Filter_Paper_Sequencing_Run_3/plate3_H10_FP36_RDT_WS_APW_S34_L007_R2_001.fastq.gz,plate3-H10,FP36,RDT_WS_APW,RDT WS in APW,Filter_Paper_Sequencing_Run_3
plate3_H11_FP36_RDT_ISTCBS,/data/wohllab/2025.07.10_fp/input/Filter_Paper_Sequencing_Run_3/plate3_H11_FP36_RDT_ISTCBS_S63_L007_R1_001.fastq.gz,/data/wohllab/2025.07.10_fp/input/Filter_Paper_Sequencing_Run_3/plate3_H11_FP36_RDT_ISTCBS_S63_L007_R2_001.fastq.gz,plate3-H11,FP36,RDT_IS_TCBS,RDT of Isolates from TCBS,Filter_Paper_Sequencing_Run_3
plate3_H7_FP36_WS_FP,/data/wohllab/2025.07.10_fp/input/Filter_Paper_Sequencing_Run_3/plate3_H7_FP36_WS_FP_S64_L007_R1_001.fastq.gz,/data/wohllab/2025.07.10_fp/input/Filter_Paper_Sequencing_Run_3/plate3_H7_FP36_WS_FP_S64_L007_R2_001.fastq.gz,plate3-H7,FP36,WS_FP,WS FP,Filter_Paper_Sequencing_Run_3
plate3_H8_FP36_WS_SW,/data/wohllab/2025.07.10_fp/input/Filter_Paper_Sequencing_Run_3/plate3_H8_FP36_WS_SW_S23_L007_R1_001.fastq.gz,/data/wohllab/2025.07.10_fp/input/Filter_Paper_Sequencing_Run_3/plate3_H8_FP36_WS_SW_S23_L007_R2_001.fastq.gz,plate3-H8,FP36,WS_SW,WS Swabs,Filter_Paper_Sequencing_Run_3
plate3_H9_FP36_BI,/data/wohllab/2025.07.10_fp/input/Filter_Paper_Sequencing_Run_3/plate3_H9_FP36_BI_S31_L007_R1_001.fastq.gz,/data/wohllab/2025.07.10_fp/input/Filter_Paper_Sequencing_Run_3/plate3_H9_FP36_BI_S31_L007_R2_001.fastq.gz,plate3-H9,FP36,BI,Boiled Isolate,Filter_Paper_Sequencing_Run_3
