cell,sample,sample_type,O1,toxR,ctxA
plate1-E2,FP01,BI,8.43654642,10.91,
plate0-H1,FP01,FP_IS_TCBS,15.12706558,20.667,
plate0-F1,FP01,FP_WS_APW,13.17527805,18.824,
plate1-A1,FP01,QI,14.93576359,16.203,18.173
plate0-G1,FP01,RDT_IS_TCBS,17.5253362,19.677,
plate0-E1,FP01,RDT_WS_APW,15.58204551,19.424,
plate0-A1,FP01,WS_FP,18.95708786,23.012,
plate0-B1,FP01,WS_Q,24.15241079,27.469,30.961
plate0-C1,FP01,WS_RDT,29.79648859,35.356,
plate2-A1,FP01,WS_RDT,29.79648859,35.356,
plate0-D1,FP01,WS_SW,24.12493638,29.862,
,FP02,BI,,12.876,
,FP02,FP_IS_TCBS,,19.485,
,FP02,FP_WS_APW,,18.847,
,FP02,QI,,15.582,17.462
,FP02,RDT_IS_TCBS,,18.541,18.697
,FP02,RDT_WS_APW,,,
,FP02,WS_FP,,19.237,
,FP02,WS_Q,,28.857,33.642
,FP02,WS_RDT,,28.408,
,FP02,WS_SW,,31.592,
plate1-F2,FP03,BI,9.713676035,12.52,
plate0-H2,FP03,FP_IS_TCBS,19.2060086,24.39,
plate0-F2,FP03,FP_WS_APW,13.26397021,18.308,
plate1-B1,FP03,QI,18.98355597,20.491,22.45
plate0-G2,FP03,RDT_IS_TCBS,15.59002221,17.913,
plate0-E2,FP03,RDT_WS_APW,14.07714551,16.898,
plate0-A2,FP03,WS_FP,14.38631358,17.619,
plate0-B2,FP03,WS_Q,20.69704469,25.144,29.921
plate0-C2,FP03,WS_RDT,28.44630056,31.077,
plate2-B1,FP03,WS_RDT,28.44630056,31.077,
plate0-D2,FP03,WS_SW,23.89221247,31.818,
plate1-H4,FP04,BI,11.51380135,11.675,
plate1-F5,FP04,FP_IS_TCBS,15.49019237,19.779,
plate1-B7,FP04,FP_WS_APW,19.75968041,24.713,
plate1-B4,FP04,QI,18.71097208,19.555,21.543
plate1-D6,FP04,RDT_IS_TCBS,20.79733404,22.296,
plate1-H7,FP04,RDT_WS_APW,19.23834775,22.305,
plate1-A11,FP04,WS_FP,24.91689073,27.953,
plate1-G8,FP04,WS_Q,28.0915902,28.834,32.851
plate1-E9,FP04,WS_RDT,31.12951923,30.121,
plate1-C10,FP04,WS_SW,25.59705103,33.852,
plate1-G2,FP05,BI,9.867413006,11.613,
plate0-H3,FP05,FP_IS_TCBS,14.77580278,19.765,
plate0-F3,FP05,FP_WS_APW,15.65840749,20.634,
plate1-C1,FP05,QI,15.53420082,17.535,19.514
plate0-G3,FP05,RDT_IS_TCBS,16.89456611,19.636,
plate0-E3,FP05,RDT_WS_APW,14.84853955,17.245,
plate0-A3,FP05,WS_FP,17.18790059,19.692,
plate0-B3,FP05,WS_Q,16.74167605,18.837,23.27
plate0-C3,FP05,WS_RDT,22.15175009,26.938,
plate2-C1,FP05,WS_RDT,22.15175009,26.938,
plate0-D3,FP05,WS_SW,15.20741775,20.598,
plate1-H2,FP06,BI,8.284896518,12.001,
plate0-H4,FP06,FP_IS_TCBS,13.99902591,19.577,
plate0-F4,FP06,FP_WS_APW,13.52011455,19.11,
plate1-D1,FP06,QI,21.06646732,19.35,21.182
plate0-G4,FP06,RDT_IS_TCBS,15.88275863,18.289,
plate0-E4,FP06,RDT_WS_APW,40.0,20.762,
plate0-A4,FP06,WS_FP,16.93385988,19.306,
plate0-B4,FP06,WS_Q,19.57146411,23.424,29.916
plate0-C4,FP06,WS_RDT,25.14186152,29.765,
plate2-D1,FP06,WS_RDT,25.14186152,29.765,
plate0-D4,FP06,WS_SW,19.91281456,26.206,
,FP07,BI,,,
,FP07,FP_IS_TCBS,,28.345,
,FP07,FP_WS_APW,,35.301,
,FP07,QI,,,
,FP07,RDT_IS_TCBS,,32.663,
,FP07,RDT_WS_APW,,23.728,
,FP07,WS_FP,,26.509,
,FP07,WS_Q,,30.368,34.253
,FP07,WS_RDT,,31.916,
,FP07,WS_SW,,31.942,
plate1-A3,FP08,BI,8.965838276,11.795,
plate0-H5,FP08,FP_IS_TCBS,14.56774898,19.424,
plate0-F5,FP08,FP_WS_APW,14.75738673,18.711,
plate1-E1,FP08,QI,19.07077343,19.264,21.258
plate0-G5,FP08,RDT_IS_TCBS,18.40701034,21.576,
plate0-E5,FP08,RDT_WS_APW,40.0,21.739,
plate0-A5,FP08,WS_FP,14.53311145,16.936,
plate0-B5,FP08,WS_Q,19.13240529,21.751,27.421
plate0-C5,FP08,WS_RDT,24.65451191,25.764,
plate2-E1,FP08,WS_RDT,24.65451191,25.764,
plate0-D5,FP08,WS_SW,24.67423711,31.939,
plate1-B3,FP09,BI,9.534618913,10.705,
plate0-H6,FP09,FP_IS_TCBS,13.56606309,19.022,
plate0-F6,FP09,FP_WS_APW,14.34651634,19.257,
plate1-F1,FP09,QI,19.77908155,21.668,23.725
plate0-G6,FP09,RDT_IS_TCBS,16.53842556,19.395,
plate0-E6,FP09,RDT_WS_APW,17.13337425,20.194,
plate0-A6,FP09,WS_FP,13.48156416,17.312,
plate0-B6,FP09,WS_Q,19.22177937,21.703,27.191
plate0-C6,FP09,WS_RDT,24.22726664,21.921,
plate2-F1,FP09,WS_RDT,24.22726664,21.921,
plate0-D6,FP09,WS_SW,20.62402347,26.108,
plate3-A12,FP10,BI,9.642522315,11.573,
plate3-G12,FP10,FP_IS_TCBS,13.61618263,19.099,
plate3-F12,FP10,FP_WS_APW,20.81447738,25.097,
plate3-B12,FP10,QI,20.81874579,21.562,23.587
,FP10,RDT_IS_TCBS,,18.452,18.645
,FP10,RDT_WS_APW,,19.854,
plate3-E12,FP10,WS_FP,25.14430458,29.263,
plate3-D12,FP10,WS_Q,29.09542066,29.098,33.356
plate3-C12,FP10,WS_RDT,27.38867704,34.301,
,FP10,WS_SW,,31.553,
,FP11,BI,,,
,FP11,FP_IS_TCBS,,19.001,19.353
,FP11,FP_WS_APW,,25.446,
,FP11,QI,,,
,FP11,RDT_IS_TCBS,,26.326,
,FP11,RDT_WS_APW,,25.37,
,FP11,WS_FP,,21.731,
,FP11,WS_Q,,28.598,32.806
,FP11,WS_RDT,,34.391,
,FP11,WS_SW,,29.292,
plate1-C3,FP12,BI,11.43694716,12.641,
plate0-H7,FP12,FP_IS_TCBS,13.90004171,17.84,
plate0-F7,FP12,FP_WS_APW,22.34779021,26.049,
plate1-G1,FP12,QI,20.38131389,21.741,23.798
plate0-G7,FP12,RDT_IS_TCBS,15.14836204,17.39,
plate0-E7,FP12,RDT_WS_APW,40.0,24.728,
plate0-A7,FP12,WS_FP,18.99453153,24.131,
plate0-B7,FP12,WS_Q,24.21909331,27.849,30.458
plate0-C7,FP12,WS_RDT,28.75508649,30.931,
plate2-G1,FP12,WS_RDT,28.75508649,30.931,
plate0-D7,FP12,WS_SW,24.47796837,30.828,
plate1-D3,FP13,BI,28.60755032,31.71,
plate0-H8,FP13,FP_IS_TCBS,14.87426024,20.023,
plate0-F8,FP13,FP_WS_APW,15.17437215,20.473,
plate1-H1,FP13,QI,34.14973335,36.491,39.599
plate0-G8,FP13,RDT_IS_TCBS,18.99630106,20.763,
plate0-E8,FP13,RDT_WS_APW,16.74493457,20.406,
plate0-A8,FP13,WS_FP,16.08159371,19.464,31.218
plate0-B8,FP13,WS_Q,18.55070797,20.639,24.952
plate0-C8,FP13,WS_RDT,27.38040206,28.645,
plate2-H1,FP13,WS_RDT,27.38040206,28.645,
plate0-D8,FP13,WS_SW,25.40619613,32.521,
plate1-E3,FP14,BI,9.797746037,11.216,
plate0-H9,FP14,FP_IS_TCBS,15.68355466,19.142,
plate0-F9,FP14,FP_WS_APW,14.81349871,19.335,
plate1-A2,FP14,QI,19.19443331,20.574,22.727
plate0-G9,FP14,RDT_IS_TCBS,17.20392435,19.02,
plate0-E9,FP14,RDT_WS_APW,18.16548646,21.086,
plate0-A9,FP14,WS_FP,15.36733463,18.973,
plate0-B9,FP14,WS_Q,19.50266713,22.003,25.182
plate0-C9,FP14,WS_RDT,26.33880048,28.817,
plate2-A2,FP14,WS_RDT,26.33880048,28.817,
plate0-D9,FP14,WS_SW,23.99354936,29.774,
,FP15,BI,,,
,FP15,FP_IS_TCBS,,,
,FP15,FP_WS_APW,,39.471,
,FP15,QI,,,
,FP15,RDT_IS_TCBS,,,
,FP15,RDT_WS_APW,,,
,FP15,WS_FP,,,
,FP15,WS_Q,,38.206,34.267
,FP15,WS_RDT,,,
,FP15,WS_SW,,,
plate1-F3,FP16,BI,9.194559289,10.812,
plate0-H10,FP16,FP_IS_TCBS,15.39499048,19.535,
plate0-F10,FP16,FP_WS_APW,24.9260743,30.216,
plate1-B2,FP16,QI,19.19338543,19.925,22.007
plate0-G10,FP16,RDT_IS_TCBS,17.584104,19.635,
plate0-E10,FP16,RDT_WS_APW,16.76697166,20.488,
plate0-A10,FP16,WS_FP,16.24157087,21.108,
plate0-B10,FP16,WS_Q,16.77920748,20.148,26.377
plate0-C10,FP16,WS_RDT,23.11900772,28.451,
plate2-B2,FP16,WS_RDT,23.11900772,28.451,
plate0-D10,FP16,WS_SW,16.06959784,23.207,
plate1-G3,FP17,BI,10.98480928,11.673,
plate0-H11,FP17,FP_IS_TCBS,14.7386652,19.344,
plate0-F11,FP17,FP_WS_APW,14.15926045,19.344,
plate1-C2,FP17,QI,20.14158926,21.776,23.759
plate0-G11,FP17,RDT_IS_TCBS,15.79596924,18.792,
plate0-E11,FP17,RDT_WS_APW,40.0,20.16,
plate0-A11,FP17,WS_FP,15.83281252,19.985,
plate0-B11,FP17,WS_Q,13.67662158,19.701,29.206
plate0-C11,FP17,WS_RDT,19.85445393,25.174,
plate2-C2,FP17,WS_RDT,19.85445393,25.174,
plate0-D11,FP17,WS_SW,13.09929483,21.844,
,FP18,BI,,13.094,
,FP18,FP_IS_TCBS,,25.943,
,FP18,FP_WS_APW,,,
,FP18,QI,,17.119,18.95
,FP18,RDT_IS_TCBS,,17.854,18.238
,FP18,RDT_WS_APW,,15.054,
,FP18,WS_FP,,20.251,
,FP18,WS_Q,,32.348,
,FP18,WS_RDT,,31.429,
,FP18,WS_SW,,33.093,
,FP19,BI,,12.835,
,FP19,FP_IS_TCBS,,13.985,14.697
,FP19,FP_WS_APW,,21.827,
,FP19,QI,,17.194,19.156
,FP19,RDT_IS_TCBS,,19.193,19.549
,FP19,RDT_WS_APW,,25.109,
,FP19,WS_FP,,34.244,
,FP19,WS_Q,,,
,FP19,WS_RDT,,,
,FP19,WS_SW,,,
plate3-E9,FP20,BI,9.75762096,11.765,
plate3-A11,FP20,FP_IS_TCBS,15.23216715,20.021,
plate3-A10,FP20,FP_WS_APW,18.23096042,23.452,24.138
plate3-A9,FP20,QI,15.86248132,16.896,18.694
plate3-E11,FP20,RDT_IS_TCBS,15.70415308,18.13,18.34
plate3-E10,FP20,RDT_WS_APW,33.81815876,35.319,37.069
plate3-E7,FP20,WS_FP,20.3899382,25.458,
plate3-A7,FP20,WS_Q,18.23457754,21.433,
plate3-A8,FP20,WS_RDT,24.35633535,29.64,
plate3-E8,FP20,WS_SW,18.39540682,23.76,
,FP21,BI,,,
,FP21,FP_IS_TCBS,,14.084,14.639
,FP21,FP_WS_APW,,23.496,
,FP21,QI,,,
,FP21,RDT_IS_TCBS,,39.054,
,FP21,RDT_WS_APW,,28.969,
,FP21,WS_FP,,34.358,
,FP21,WS_Q,,37.511,
,FP21,WS_RDT,,,
,FP21,WS_SW,,,
plate1-A5,FP22,BI,10.83176051,11.076,
plate1-G5,FP22,FP_IS_TCBS,20.04340312,24.34,
plate1-C7,FP22,FP_WS_APW,18.77474099,25.033,
plate1-C4,FP22,QI,16.44588953,17.989,19.767
plate1-E6,FP22,RDT_IS_TCBS,26.49943549,27.985,
plate1-A8,FP22,RDT_WS_APW,40.0,,
plate1-B11,FP22,WS_FP,20.23116419,25.779,
plate1-H8,FP22,WS_Q,17.9643857,22.263,29.091
plate1-F9,FP22,WS_RDT,26.87164811,31.039,
plate1-D10,FP22,WS_SW,18.19544623,25.002,
plate1-B12,FP23,BI,10.07353774,11.747,
plate1-H12,FP23,FP_IS_TCBS,17.98902423,23.175,
plate1-G12,FP23,FP_WS_APW,26.24266953,32.041,
plate1-C12,FP23,QI,14.65958156,15.383,17.236
,FP23,RDT_IS_TCBS,,24.924,
plate1-F12,FP23,RDT_WS_APW,27.09212401,31.173,
plate1-D12,FP23,WS_FP,27.87665565,29.484,
plate1-E12,FP23,WS_Q,22.30471736,25.277,30.37
plate2-E2,FP23,WS_RDT,30.69167008,33.885,
plate2-G2,FP23,WS_RDT,30.69167008,33.885,
plate2-F2,FP23,WS_SW,30.84038155,27.952,
plate1-H3,FP24,BI,11.18022679,12.386,
plate1-A12,FP24,FP_IS_TCBS,14.88886608,20.108,
plate0-F12,FP24,FP_WS_APW,14.96172803,20.287,
plate1-D2,FP24,QI,18.56073197,19.372,21.369
plate0-G12,FP24,RDT_IS_TCBS,14.69809127,17.12,
plate0-E12,FP24,RDT_WS_APW,13.32419337,16.172,
plate0-A12,FP24,WS_FP,18.7083183,21.949,
plate1-G11,FP24,WS_Q,20.30493613,23.073,27.914
plate0-C12,FP24,WS_RDT,26.88107173,31.969,
plate2-D2,FP24,WS_RDT,26.88107173,31.969,
plate1-H11,FP24,WS_SW,19.02848953,20.957,
plate1-B5,FP25,BI,10.21639101,11.737,
plate1-H5,FP25,FP_IS_TCBS,16.40123289,20.988,
plate1-D7,FP25,FP_WS_APW,12.26357025,17.073,
plate1-D4,FP25,QI,16.96560728,18.212,20.139
plate1-F6,FP25,RDT_IS_TCBS,19.74253062,22.41,
plate1-B8,FP25,RDT_WS_APW,40.0,25.387,
plate1-C11,FP25,WS_FP,22.0501955,27.213,
plate1-A9,FP25,WS_Q,21.80655651,21.488,26.117
plate1-G9,FP25,WS_RDT,26.70534147,27.637,
plate1-E10,FP25,WS_SW,18.44210565,22.562,
,FP26,BI,,,
,FP26,FP_IS_TCBS,,,
,FP26,FP_WS_APW,,,
,FP26,QI,,,
,FP26,RDT_IS_TCBS,,,
,FP26,RDT_WS_APW,,,
,FP26,WS_FP,,,
,FP26,WS_Q,,25.809,30.538
,FP26,WS_RDT,,27.284,
,FP26,WS_SW,,24.093,
plate3-F9,FP27,BI,9.470377455,12.239,
plate3-B11,FP27,FP_IS_TCBS,14.72418653,18.948,
plate3-B10,FP27,FP_WS_APW,31.0725134,36.013,
plate3-B9,FP27,QI,17.39270418,18.123,20.075
plate3-F11,FP27,RDT_IS_TCBS,19.10944748,21.074,
plate3-F10,FP27,RDT_WS_APW,40.0,19.375,
plate3-F7,FP27,WS_FP,28.15855321,30.178,39.685
plate3-B7,FP27,WS_Q,26.22105568,30.581,37.106
plate3-B8,FP27,WS_RDT,33.25701835,34.594,
plate3-F8,FP27,WS_SW,26.18256592,28.436,
plate1-C5,FP28,BI,9.705658068,9.194,
plate1-A6,FP28,FP_IS_TCBS,18.60517309,23.239,
plate1-E7,FP28,FP_WS_APW,16.37678631,,
plate1-E4,FP28,QI,20.22225812,20.864,22.739
plate1-G6,FP28,RDT_IS_TCBS,17.10473382,19.76,
plate1-C8,FP28,RDT_WS_APW,40.0,17.248,
plate1-D11,FP28,WS_FP,24.8353273,21.494,
plate1-B9,FP28,WS_Q,20.71484103,23.924,30.424
plate1-H9,FP28,WS_RDT,27.97146515,27.763,
plate1-F10,FP28,WS_SW,24.0016783,23.513,
,FP29,BI,,,
,FP29,FP_IS_TCBS,,,
,FP29,FP_WS_APW,,,
,FP29,QI,,,
,FP29,RDT_IS_TCBS,,,
,FP29,RDT_WS_APW,,,
,FP29,WS_FP,,,
,FP29,WS_Q,,37.767,
,FP29,WS_RDT,,,
,FP29,WS_SW,,35.605,
,FP30,BI,,,
,FP30,FP_IS_TCBS,,13.358,13.783
,FP30,FP_WS_APW,,,
,FP30,QI,,,
,FP30,RDT_IS_TCBS,,,
,FP30,RDT_WS_APW,,,
,FP30,WS_FP,,,
,FP30,WS_Q,,37.924,
,FP30,WS_RDT,,,
,FP30,WS_SW,,37.931,
,FP31,BI,,,
,FP31,FP_IS_TCBS,,,
,FP31,FP_WS_APW,,29.233,
,FP31,QI,,,
,FP31,RDT_IS_TCBS,,,
,FP31,RDT_WS_APW,,27.369,
,FP31,WS_FP,,18.792,
,FP31,WS_Q,,29.359,36.731
,FP31,WS_RDT,,31.851,
,FP31,WS_SW,,31.382,
,FP32,BI,,11.199,
,FP32,FP_IS_TCBS,,17.861,
,FP32,FP_WS_APW,,27.995,
,FP32,QI,,21.574,23.645
,FP32,RDT_IS_TCBS,,18.891,19.007
,FP32,RDT_WS_APW,,23.464,
,FP32,WS_FP,,27.479,
,FP32,WS_Q,,38.116,
,FP32,WS_RDT,,,
,FP32,WS_SW,,38.162,
plate3-G9,FP33,BI,9.695964528,10.105,
plate3-C11,FP33,FP_IS_TCBS,15.9831591,21.285,
plate3-C10,FP33,FP_WS_APW,11.83661209,16.908,
plate3-C9,FP33,QI,17.34861122,19.149,23.645
plate3-G11,FP33,RDT_IS_TCBS,16.74173171,19.511,
plate3-G10,FP33,RDT_WS_APW,14.0623037,17.718,
plate3-G7,FP33,WS_FP,32.92730551,23.385,
plate3-C7,FP33,WS_Q,33.87969159,36.321,
plate3-C8,FP33,WS_RDT,33.6677737,27.599,33.861
plate3-G8,FP33,WS_SW,33.65532361,35.069,
plate1-D5,FP34,BI,9.542194829,10.416,
plate1-B6,FP34,FP_IS_TCBS,15.30852752,20.027,
plate1-F7,FP34,FP_WS_APW,16.31721881,21.25,
plate1-F4,FP34,QI,18.76914059,19.268,21.26
plate1-H6,FP34,RDT_IS_TCBS,16.7052774,17.781,
plate1-D8,FP34,RDT_WS_APW,24.28609291,28.605,
plate1-E11,FP34,WS_FP,21.5386268,20.963,
plate1-C9,FP34,WS_Q,22.3510378,25.728,30.88
plate1-A10,FP34,WS_RDT,25.84122654,35.534,
plate1-G10,FP34,WS_SW,24.22711411,25.381,
,FP35,BI,,,
,FP35,FP_IS_TCBS,,19.697,
,FP35,FP_WS_APW,,20.548,
,FP35,QI,,,
,FP35,RDT_IS_TCBS,,19.05,
,FP35,RDT_WS_APW,,15.347,
,FP35,WS_FP,,21.707,
,FP35,WS_Q,,20.542,24.338
,FP35,WS_RDT,,30.893,
,FP35,WS_SW,,26.393,
plate3-H9,FP36,BI,10.03007694,10.877,
plate3-D11,FP36,FP_IS_TCBS,15.11303618,12.477,13.309
plate3-D10,FP36,FP_WS_APW,16.90380843,20.844,
plate3-D9,FP36,QI,16.17218,16.833,21.249
plate3-H11,FP36,RDT_IS_TCBS,16.87919101,18.83,18.994
plate3-H10,FP36,RDT_WS_APW,16.74592101,20.39,20.673
plate3-H7,FP36,WS_FP,40.0,,
plate3-D7,FP36,WS_Q,34.06003427,36.362,
plate3-D8,FP36,WS_RDT,40.0,38.0,
plate3-H8,FP36,WS_SW,40.0,36.957,
,FP37,BI,,11.355,
,FP37,FP_IS_TCBS,,13.676,14.073
,FP37,FP_WS_APW,,21.367,
,FP37,QI,,17.273,18.62
,FP37,RDT_IS_TCBS,,19.04,19.48
,FP37,RDT_WS_APW,,17.235,17.46
,FP37,WS_FP,,,
,FP37,WS_Q,,25.947,34.78
,FP37,WS_RDT,,33.37,
,FP37,WS_SW,,23.156,
,FP38,BI,,,
,FP38,FP_IS_TCBS,,,
,FP38,FP_WS_APW,,27.472,
,FP38,QI,,,
,FP38,RDT_IS_TCBS,,,
,FP38,RDT_WS_APW,,26.551,
,FP38,WS_FP,,21.088,
,FP38,WS_Q,,20.588,25.88
,FP38,WS_RDT,,31.984,
,FP38,WS_SW,,20.57,
plate1-E5,FP39,BI,9.944681147,10.89,
plate1-C6,FP39,FP_IS_TCBS,13.82280384,19.179,
plate1-G7,FP39,FP_WS_APW,12.94078226,17.842,
plate1-G4,FP39,QI,13.08128059,13.998,19.149
plate1-A7,FP39,RDT_IS_TCBS,16.11337137,18.711,
plate1-E8,FP39,RDT_WS_APW,16.74504422,19.359,
plate1-F11,FP39,WS_FP,34.12412312,22.001,
plate1-D9,FP39,WS_Q,33.29652151,,39.736
plate1-B10,FP39,WS_RDT,33.93221288,38.371,
plate1-H10,FP39,WS_SW,33.20011943,,
