plate0-A10,100000,0.0,0.0
plate0-A10,250000,4.239493184704801e-05,1.0
plate0-A10,500000,0.002423700899045271,2.0
plate0-A10,1000000,0.08614774113109182,5.0
plate0-A10,2500000,0.7737484135990049,13.0
plate0-A10,5000000,0.9648511305687044,27.0
plate0-A10,1417930,0.9721023993795961,49.0
plate0-A11,100000,0.0,0.0
plate0-A11,250000,0.0,0.0
plate0-A11,500000,6.867483112065673e-05,1.0
plate0-A11,1000000,0.003405230344556751,2.0
plate0-A11,2500000,0.199984083306289,7.0
plate0-A11,5000000,0.7769188603151456,13.0
plate0-A11,642774,0.9515331718028581,22.0
plate0-A12,100000,0.002981033102508218,2.0
plate0-A12,250000,0.13550015234903873,6.0
plate0-A12,500000,0.6882259357317626,12.0
plate0-A12,1000000,0.9582447109843285,24.0
plate0-A12,2500000,0.9689874875449392,37.0
plate0-A12,5000000,0.9689874875449392,37.0
plate0-A12,1104200,0.9689874875449392,37.0
plate0-A1,100000,0.0011240855028919045,1.0
plate0-A1,250000,0.045392575829285776,4.0
plate0-A1,500000,0.36526754301040215,8.0
plate0-A1,1000000,0.8627542177378907,16.0
plate0-A1,2500000,0.9577091960557342,26.0
plate0-A1,5000000,0.9577091960557342,26.0
plate0-A1,883338,0.9577091960557342,26.0
plate0-A2,100000,0.0,1.0
plate0-A2,250000,0.0026520385144320033,3.0
plate0-A2,500000,0.09572031840329283,5.0
plate0-A2,1000000,0.6600856179284448,11.0
plate0-A2,2500000,0.9690107923612762,28.0
plate0-A2,5000000,0.972111572551984,57.0
plate0-A2,3246698,0.9738738133447841,115.0
plate0-A3,100000,0.0,0.0
plate0-A3,250000,0.0,0.0
plate0-A3,500000,0.0,0.0
plate0-A3,1000000,0.0,0.0
plate0-A3,2500000,0.0,0.0
plate0-A3,5000000,9.916943122116494e-05,0.0
plate0-A3,44348,0.0045972469078351536,1.0
plate0-A4,100000,0.0,0.0
plate0-A4,250000,0.0,1.0
plate0-A4,500000,0.00045345222425877666,2.0
plate0-A4,1000000,0.02226452900346374,4.0
plate0-A4,2500000,0.5826791663123425,10.0
plate0-A4,5000000,0.9547021309775304,21.0
plate0-A4,1094044,0.9706391544219277,39.0
plate0-A5,100000,0.0,0.0
plate0-A5,250000,2.975082936634948e-05,1.0
plate0-A5,500000,0.000995413165882443,2.0
plate0-A5,1000000,0.031996273212774706,4.0
plate0-A5,2500000,0.6266340333124994,11.0
plate0-A5,5000000,0.9599975306811626,22.0
plate0-A5,1051742,0.9713497033966274,37.0
plate0-A6,100000,0.04629551350055448,4.0
plate0-A6,250000,0.669073591403597,11.0
plate0-A6,500000,0.9657134087731725,23.0
plate0-A6,1000000,0.9734362282295207,46.0
plate0-A6,2500000,0.9755440744901266,114.0
plate0-A6,5000000,0.9768662509318827,228.0
plate0-A6,11246188,0.9777984435853617,374.0
plate0-A7,100000,0.0,0.0
plate0-A7,250000,0.0,0.0
plate0-A7,500000,3.495722450546064e-05,0.0
plate0-A7,1000000,0.00023726286419663712,0.0
plate0-A7,2500000,0.003026651040869954,1.0
plate0-A7,5000000,0.022340641541925985,2.0
plate0-A7,107968,0.043584469174545885,3.0
plate0-A8,100000,4.537001478368296e-05,1.0
plate0-A8,250000,0.007099539581123198,3.0
plate0-A8,500000,0.17942328513120487,6.0
plate0-A8,1000000,0.7798649361931483,13.0
plate0-A8,2500000,0.9686185772607965,33.0
plate0-A8,5000000,0.9712336751620987,67.0
plate0-A8,2971846,0.9724787473710803,104.0
plate0-A9,100000,0.042212212170023015,4.0
plate0-A9,250000,0.6359160441512225,11.0
plate0-A9,500000,0.9617099388347741,22.0
plate0-A9,1000000,0.9722179317669687,44.0
plate0-A9,2500000,0.975007072020064,111.0
plate0-A9,5000000,0.9762831346763023,223.0
plate0-A9,9144140,0.976750470620932,300.0
plate0-B10,100000,0.00034362207918133653,1.0
plate0-B10,250000,0.02414750857877561,3.0
plate0-B10,500000,0.26684584930064476,7.0
plate0-B10,1000000,0.8171191726492693,14.0
plate0-B10,2500000,0.968817411970395,37.0
plate0-B10,5000000,0.9717188616043482,73.0
plate0-B10,6626062,0.9737168777198766,192.0
plate0-B11,100000,4.462624404952422e-06,0.0
plate0-B11,250000,0.0006324530476129794,2.0
plate0-B11,500000,0.021223745822797613,4.0
plate0-B11,1000000,0.29751647514157054,8.0
plate0-B11,2500000,0.9432235172372586,19.0
plate0-B11,5000000,0.9697575381783716,39.0
plate0-B11,5253556,0.9738395998910128,169.0
plate0-B1,100000,3.718853670793685e-05,0.0
plate0-B1,250000,0.006681540428525988,2.0
plate0-B1,500000,0.0948453960963441,5.0
plate0-B1,1000000,0.5233123780061044,10.0
plate0-B1,2500000,0.9513276431566523,24.0
plate0-B1,5000000,0.9513276431566523,24.0
plate0-B1,1190418,0.9513276431566523,24.0
plate0-B2,100000,0.0018673603898945357,0.0
plate0-B2,250000,0.028553606407931968,2.0
plate0-B2,500000,0.1370286012077349,4.0
plate0-B2,1000000,0.38467797578332075,7.0
plate0-B2,2500000,0.76858069453807,18.0
plate0-B2,5000000,0.9221978623533253,37.0
plate0-B2,9270318,0.9662258668090079,84.0
plate0-B3,100000,0.0,0.0
plate0-B3,250000,0.0,0.0
plate0-B3,500000,2.454443422723832e-05,1.0
plate0-B3,1000000,0.00034362207918133653,1.0
plate0-B3,2500000,0.03882979079464713,4.0
plate0-B3,5000000,0.4049236630906996,9.0
plate0-B3,903784,0.9678140652500148,29.0
plate0-B4,100000,4.4874167627577134e-05,1.0
plate0-B4,250000,0.008213708140892987,3.0
plate0-B4,500000,0.1533469311151776,6.0
plate0-B4,1000000,0.7354538898093741,12.0
plate0-B4,2500000,0.9690685585549625,31.0
plate0-B4,5000000,0.9717862968175786,63.0
plate0-B4,5716008,0.9738180305397222,174.0
plate0-B5,100000,0.0,0.0
plate0-B5,250000,3.694061312988394e-05,0.0
plate0-B5,500000,0.0011587948038193122,1.0
plate0-B5,1000000,0.024601952497346598,3.0
plate0-B5,2500000,0.39370462533664924,8.0
plate0-B5,5000000,0.8689086726394762,17.0
plate0-B5,1459076,0.9672882193409645,37.0
plate0-B6,100000,0.04267731680245028,4.0
plate0-B6,250000,0.6196346548569097,11.0
plate0-B6,500000,0.9573893746400459,22.0
plate0-B6,1000000,0.9703756116584575,44.0
plate0-B6,2500000,0.9727601406321704,111.0
plate0-B6,5000000,0.974552876025071,223.0
plate0-B6,13515958,0.9757126625232025,400.0
plate0-B7,100000,0.0,0.0
plate0-B7,250000,0.0,0.0
plate0-B7,500000,0.0,0.0
plate0-B7,1000000,0.0,0.0
plate0-B7,2500000,2.40485870711325e-05,0.0
plate0-B7,5000000,0.0019876033252501984,1.0
plate0-B7,120076,0.04257120551104363,3.0
plate0-B8,100000,0.00122499039915944,1.0
plate0-B8,250000,0.058514179121314215,4.0
plate0-B8,500000,0.40011320190573896,8.0
plate0-B8,1000000,0.8709609840185982,17.0
plate0-B8,2500000,0.9683684223705411,43.0
plate0-B8,5000000,0.9707291506807609,87.0
plate0-B8,9686270,0.9727794786712586,220.0
plate0-B9,100000,0.020983755799242394,3.0
plate0-B9,250000,0.3831396099815024,8.0
plate0-B9,500000,0.8806676879465258,17.0
plate0-B9,1000000,0.9679350519561046,34.0
plate0-B9,2500000,0.9712368981686134,85.0
plate0-B9,5000000,0.9729480667043345,170.0
plate0-B9,9292152,0.9736055600333309,232.0
plate0-C10,100000,0.0,0.0
plate0-C10,250000,0.0,0.0
plate0-C10,500000,0.0,0.0
plate0-C10,1000000,0.0,0.0
plate0-C10,2500000,0.0,0.0
plate0-C10,5000000,0.0,0.0
plate0-C10,26,0.0,0.0
plate0-C11,100000,0.0,0.0
plate0-C11,250000,0.00020156186895701773,0.0
plate0-C11,500000,0.0021009044004203794,0.0
plate0-C11,1000000,0.00508813559237992,0.0
plate0-C11,2500000,0.00508813559237992,0.0
plate0-C11,5000000,0.00508813559237992,0.0
plate0-C11,43012,0.00508813559237992,0.0
plate0-C12,100000,0.0,0.0
plate0-C12,250000,0.0,0.0
plate0-C12,500000,0.0,0.0
plate0-C12,1000000,0.0,0.0
plate0-C12,2500000,0.0,0.0
plate0-C12,5000000,0.0,0.0
plate0-C12,0,0.0,0.0
plate0-C1,100000,0.0,0.0
plate0-C1,250000,0.0,0.0
plate0-C1,500000,0.0,0.0
plate0-C1,1000000,0.0,0.0
plate0-C1,2500000,0.0,0.0
plate0-C1,5000000,0.0,0.0
plate0-C1,0,0.0,0.0
plate0-C2,100000,0.0,0.0
plate0-C2,250000,0.0,0.0
plate0-C2,500000,0.0,0.0
plate0-C2,1000000,0.0,0.0
plate0-C2,2500000,0.0,0.0
plate0-C2,5000000,0.0,0.0
plate0-C2,0,0.0,0.0
plate0-C3,100000,0.0,0.0
plate0-C3,250000,0.0,0.0
plate0-C3,500000,0.0,0.0
plate0-C3,1000000,1.1900331746539793e-05,0.0
plate0-C3,2500000,0.0011473903192288784,0.0
plate0-C3,5000000,0.0016355518444150627,0.0
plate0-C3,18344,0.0016355518444150627,0.0
plate0-C4,100000,0.0,0.0
plate0-C4,250000,0.0,0.0
plate0-C4,500000,0.0,0.0
plate0-C4,1000000,0.0,0.0
plate0-C4,2500000,0.0,0.0
plate0-C4,5000000,0.0,0.0
plate0-C4,18,0.0,0.0
plate0-C5,100000,0.0,0.0
plate0-C5,250000,0.0,0.0
plate0-C5,500000,0.0,0.0
plate0-C5,1000000,0.0,0.0
plate0-C5,2500000,0.0,0.0
plate0-C5,5000000,0.0,0.0
plate0-C5,188,0.0,0.0
plate0-C6,100000,0.0,0.0
plate0-C6,250000,0.00027593894237289146,0.0
plate0-C6,500000,0.0014181228664626585,0.0
plate0-C6,1000000,0.006001486053926849,0.0
plate0-C6,2500000,0.012591542682151312,0.0
plate0-C6,5000000,0.012591542682151312,0.0
plate0-C6,66640,0.012591542682151312,0.0
plate0-C7,100000,0.0,0.0
plate0-C7,250000,0.0,0.0
plate0-C7,500000,0.0,0.0
plate0-C7,1000000,0.0,0.0
plate0-C7,2500000,0.0,0.0
plate0-C7,5000000,0.0,0.0
plate0-C7,0,0.0,0.0
plate0-C8,100000,0.0,0.0
plate0-C8,250000,0.0,0.0
plate0-C8,500000,0.0,0.0
plate0-C8,1000000,0.0,0.0
plate0-C8,2500000,0.0,0.0
plate0-C8,5000000,0.0,0.0
plate0-C8,0,0.0,0.0
plate0-C9,100000,0.0,0.0
plate0-C9,250000,0.0,0.0
plate0-C9,500000,0.0,0.0
plate0-C9,1000000,0.0,0.0
plate0-C9,2500000,0.0,0.0
plate0-C9,5000000,0.0,0.0
plate0-C9,212,0.0,0.0
plate0-D11,100000,0.0,0.0
plate0-D11,250000,0.0007217055357120278,2.0
plate0-D11,500000,0.025103749819325692,4.0
plate0-D11,1000000,0.32277121041993045,8.0
plate0-D11,2500000,0.946406360132302,20.0
plate0-D11,5000000,0.9698304277103191,40.0
plate0-D11,3930046,0.9728488972731134,128.0
plate0-D1,100000,0.0,0.0
plate0-D1,250000,0.0003376719133080666,0.0
plate0-D1,500000,0.002941365330019752,0.0
plate0-D1,1000000,0.002941365330019752,0.0
plate0-D1,2500000,0.002941365330019752,0.0
plate0-D1,5000000,0.002941365330019752,0.0
plate0-D1,38248,0.002941365330019752,0.0
plate0-D2,100000,0.0001043758263602761,0.0
plate0-D2,250000,0.001516052679793559,0.0
plate0-D2,500000,0.0017054662934259841,0.0
plate0-D2,1000000,0.0017054662934259841,0.0
plate0-D2,2500000,0.0017054662934259841,0.0
plate0-D2,5000000,0.0017054662934259841,0.0
plate0-D2,24532,0.0017054662934259841,0.0
plate0-D3,100000,0.0,0.0
plate0-D3,250000,0.0,0.0
plate0-D3,500000,0.0,1.0
plate0-D3,1000000,0.00039271094763581314,2.0
plate0-D3,2500000,0.03807783858241265,4.0
plate0-D3,5000000,0.41421658256685695,9.0
plate0-D3,1081852,0.9687841902109359,35.0
plate0-D4,100000,6.941860185481546e-05,1.0
plate0-D4,250000,0.0037072012626251983,2.0
plate0-D4,500000,0.07446087158525559,5.0
plate0-D4,1000000,0.0,0.0
plate0-D4,2500000,0.9625888279189716,24.0
plate0-D4,5000000,0.9716397739829493,49.0
plate0-D4,2674024,0.9731949985880752,77.0
plate0-D5,100000,8.181478075746107e-06,0.0
plate0-D5,250000,0.0001145406930604455,0.0
plate0-D5,500000,0.0001363579679291018,0.0
plate0-D5,1000000,0.0002806494903558968,0.0
plate0-D5,2500000,0.0008238500498698278,0.0
plate0-D5,5000000,0.0008238500498698278,0.0
plate0-D5,18856,0.0008238500498698278,0.0
plate0-D6,100000,0.01596776596807587,3.0
plate0-D6,250000,0.30923359136392925,7.0
plate0-D6,500000,0.8234796520442167,15.0
plate0-D6,1000000,0.9629431107120092,28.0
plate0-D6,2500000,0.9629431107120092,28.0
plate0-D6,5000000,0.9629431107120092,28.0
plate0-D6,1278240,0.9629431107120092,28.0
plate0-D7,100000,0.0,0.0
plate0-D7,250000,0.0,0.0
plate0-D7,500000,9.916943122116494e-06,0.0
plate0-D7,1000000,3.61968423957252e-05,0.0
plate0-D7,2500000,0.00014577906389511247,0.0
plate0-D7,5000000,0.0013514314239664253,0.0
plate0-D7,45406,0.00426577308397841,0.0
plate0-D8,100000,9.66901954406358e-06,0.0
plate0-D8,250000,0.0002608156041116638,0.0
plate0-D8,500000,0.0013794467882864044,0.0
plate0-D8,1000000,0.0013794467882864044,0.0
plate0-D8,2500000,0.0013794467882864044,0.0
plate0-D8,5000000,0.0013794467882864044,0.0
plate0-D8,16232,0.0013794467882864044,0.0
plate0-D9,100000,0.0013878761899402032,1.0
plate0-D9,250000,0.059761234718920364,4.0
plate0-D9,500000,0.29267427973861915,7.0
plate0-D9,1000000,0.29267427973861915,7.0
plate0-D9,2500000,0.29267427973861915,7.0
plate0-D9,5000000,0.29267427973861915,7.0
plate0-D9,300292,0.29267427973861915,7.0
plate0-E10,100000,8.62774051624135e-05,0.0
plate0-E10,250000,0.005402750612929066,2.0
plate0-E10,500000,0.07540099779323223,4.0
plate0-E10,1000000,0.46876770329299533,9.0
plate0-E10,2500000,0.9555862264568671,24.0
plate0-E10,5000000,0.9688875743429839,48.0
plate0-E10,3585174,0.9699992636669732,80.0
plate0-E11,100000,0.0,0.0
plate0-E11,250000,5.974958231075188e-05,0.0
plate0-E11,500000,0.0011025161516013012,1.0
plate0-E11,1000000,0.020673107555942098,3.0
plate0-E11,2500000,0.3496486055166467,8.0
plate0-E11,5000000,0.8531213950362229,16.0
plate0-E11,1407500,0.956747252572889,25.0
plate0-E12,100000,0.04652856166392422,4.0
plate0-E12,250000,0.6246067622147609,11.0
plate0-E12,500000,0.9569644336272632,22.0
plate0-E12,1000000,0.9698408405005974,45.0
plate0-E12,2500000,0.9721120683991401,113.0
plate0-E12,5000000,0.9729485625514906,226.0
plate0-E12,15981942,0.9742935479624277,505.0
plate0-E1,100000,1.264410248069853e-05,0.0
plate0-E1,250000,0.002118506974462136,2.0
plate0-E1,500000,0.04168239948372394,4.0
plate0-E1,1000000,0.33225007257962746,8.0
plate0-E1,2500000,0.9318522544062837,20.0
plate0-E1,5000000,0.9680190980490646,40.0
plate0-E1,2991924,0.9691171515762609,67.0
plate0-E2,100000,0.0026282378509389238,2.0
plate0-E2,250000,0.11089324138013106,5.0
plate0-E2,500000,0.5912263316657167,11.0
plate0-E2,1000000,0.9495192885783343,22.0
plate0-E2,2500000,0.9694282956667173,55.0
plate0-E2,5000000,0.970823361640421,110.0
plate0-E2,8108502,0.9718691032926482,199.0
plate0-E3,100000,1.1404484590433967e-05,0.0
plate0-E3,250000,0.0012401137374206677,2.0
plate0-E3,500000,0.024221389805035378,3.0
plate0-E3,1000000,0.0,0.0
plate0-E3,2500000,0.9331057560169193,19.0
plate0-E3,5000000,0.9714097009025162,38.0
plate0-E3,2460050,0.9736774578709662,72.0
plate0-E4,100000,0.0,0.0
plate0-E4,250000,0.0,0.0
plate0-E4,500000,0.00024346095364795992,1.0
plate0-E4,1000000,0.005997767200256056,2.0
plate0-E4,2500000,0.17303999676707654,6.0
plate0-E4,5000000,0.6937873574346455,12.0
plate0-E4,1049442,0.9485927981671506,23.0
plate0-E5,100000,0.0,0.0
plate0-E5,250000,0.0,0.0
plate0-E5,500000,7.685630919640283e-06,0.0
plate0-E5,1000000,0.000302714688802606,1.0
plate0-E5,2500000,0.02475293795638082,3.0
plate0-E5,5000000,0.24075784287644902,7.0
plate0-E5,413964,0.5351078380791278,10.0
plate0-E6,100000,9.916943122116495e-07,0.0
plate0-E6,250000,0.00035279525156929424,1.0
plate0-E6,500000,0.008792609695646537,2.0
plate0-E6,1000000,0.11090117493462875,5.0
plate0-E6,2500000,0.7288340823517833,13.0
plate0-E6,5000000,0.958335946861052,26.0
plate0-E6,2707312,0.968738076425418,52.0
plate0-E7,100000,0.0,0.0
plate0-E7,250000,0.0,0.0
plate0-E7,500000,0.0,0.0
plate0-E7,1000000,0.0,0.0
plate0-E7,2500000,2.00818098222859e-05,0.0
plate0-E7,5000000,0.0004522126063685121,0.0
plate0-E7,36140,0.003038055525460388,0.0
plate0-E8,100000,0.0,0.0
plate0-E8,250000,0.0002945332107268599,1.0
plate0-E8,500000,0.008443533297748036,2.0
plate0-E8,1000000,0.11368734010478738,5.0
plate0-E8,2500000,0.7667138299953316,13.0
plate0-E8,5000000,0.9637084507974586,27.0
plate0-E8,1682972,0.9689800498375977,45.0
plate0-E9,100000,0.0,0.0
plate0-E9,250000,9.42109596601067e-06,0.0
plate0-E9,500000,0.0001646212558271338,0.0
plate0-E9,1000000,0.002782942163643941,2.0
plate0-E9,2500000,0.09181700959042777,5.0
plate0-E9,5000000,0.5066764579951759,10.0
plate0-E9,820698,0.7969379454721841,14.0
plate0-F10,100000,0.0,0.0
plate0-F10,250000,0.0,0.0
plate0-F10,500000,0.0,0.0
plate0-F10,1000000,0.0,0.0
plate0-F10,2500000,0.0,0.0
plate0-F10,5000000,0.0,0.0
plate0-F10,6,0.0,0.0
plate0-F11,100000,0.010720959285742088,3.0
plate0-F11,250000,0.32454212853796244,8.0
plate0-F11,500000,0.8907604088854819,16.0
plate0-F11,1000000,0.9696873758057826,32.0
plate0-F11,2500000,0.9723654462959102,80.0
plate0-F11,5000000,0.9735428353680835,160.0
plate0-F11,6392630,0.9740116588541815,216.0
plate0-F12,100000,0.07814675142016823,5.0
plate0-F12,250000,0.7083660075948909,12.0
plate0-F12,500000,0.96123169425271,25.0
plate0-F12,1000000,0.9710083126296485,50.0
plate0-F12,2500000,0.9728719541658722,125.0
plate0-F12,5000000,0.9729609587303932,129.0
plate0-F12,3917684,0.9729609587303932,129.0
plate0-F1,100000,0.032578149850464894,4.0
plate0-F1,250000,0.5859272131084138,10.0
plate0-F1,500000,0.9578234888252166,21.0
plate0-F1,1000000,0.9707554305800346,42.0
plate0-F1,2500000,0.9726451040919538,106.0
plate0-F1,5000000,0.9738554670000081,213.0
plate0-F1,10530618,0.97472617460613,355.0
plate0-F2,100000,0.08140694647156403,5.0
plate0-F2,250000,0.736385834539275,13.0
plate0-F2,500000,0.9647633656220738,25.0
plate0-F2,1000000,0.9710184774963487,51.0
plate0-F2,2500000,0.9728957548293654,127.0
plate0-F2,5000000,0.9740758710608972,254.0
plate0-F2,12343128,0.9749445952783946,397.0
plate0-F3,100000,5.330356928137616e-05,0.0
plate0-F3,250000,0.0008421963946457432,2.0
plate0-F3,500000,0.02069814783732544,4.0
plate0-F3,1000000,0.2724280965840841,7.0
plate0-F3,2500000,0.9358577077333067,19.0
plate0-F3,5000000,0.9700426502931324,38.0
plate0-F3,1900948,0.971703986189665,63.0
plate0-F4,100000,0.021847273621600688,3.0
plate0-F4,250000,0.4396609793824273,9.0
plate0-F4,500000,0.9279586146129628,18.0
plate0-F4,1000000,0.0,0.0
plate0-F4,2500000,0.9749862464395075,91.0
plate0-F4,5000000,0.9763775935595405,183.0
plate0-F4,11387860,0.9778482762245503,383.0
plate0-F5,100000,0.037255971921167245,4.0
plate0-F5,250000,0.5859978713281588,10.0
plate0-F5,500000,0.9548211342949958,21.0
plate0-F5,1000000,0.9690531872931233,42.0
plate0-F5,2500000,0.9710581452688372,106.0
plate0-F5,5000000,0.9724903997792489,212.0
plate0-F5,10321604,0.9731649998351308,340.0
plate0-F6,100000,0.02010486671504482,3.0
plate0-F6,250000,0.4420809614278018,9.0
plate0-F6,500000,0.9268084971343753,18.0
plate0-F6,1000000,0.9701346299405901,36.0
plate0-F6,2500000,0.972472301358051,91.0
plate0-F6,5000000,0.9738217493933929,182.0
plate0-F6,7986360,0.9745134561761606,263.0
plate0-F7,100000,0.0,0.0
plate0-F7,250000,0.0,0.0
plate0-F7,500000,0.0,0.0
plate0-F7,1000000,9.173172387957757e-06,0.0
plate0-F7,2500000,0.00012321801829229744,0.0
plate0-F7,5000000,0.00039072755901138986,0.0
plate0-F7,10196,0.00039072755901138986,0.0
plate0-F8,100000,0.00809668821205201,3.0
plate0-F8,250000,0.25419257364755826,7.0
plate0-F8,500000,0.8425975349950329,14.0
plate0-F8,1000000,0.9690787234216627,29.0
plate0-F8,2500000,0.9720875239649128,73.0
plate0-F8,5000000,0.9733992876163908,147.0
plate0-F8,5896686,0.9739491821125121,197.0
plate0-F9,100000,0.0010479729644296606,2.0
plate0-F9,250000,0.05498077228690411,4.0
plate0-F9,500000,0.4621231034775992,9.0
plate0-F9,1000000,0.9312165783521561,18.0
plate0-F9,2500000,0.9714268076294018,46.0
plate0-F9,5000000,0.9731273154512667,93.0
plate0-F9,3707600,0.9735495293046909,119.0
plate0-G10,100000,0.0013876282663621503,2.0
plate0-G10,250000,0.08125149838812486,5.0
plate0-G10,500000,0.5702983586715362,10.0
plate0-G10,1000000,0.9572599585323023,21.0
plate0-G10,2500000,0.9714719297206075,53.0
plate0-G10,5000000,0.9729760820686545,105.0
plate0-G10,4992018,0.9736516738188487,162.0
plate0-G11,100000,0.01796900509011898,3.0
plate0-G11,250000,0.431019355145815,9.0
plate0-G11,500000,0.9307145331065989,18.0
plate0-G11,1000000,0.9705821319989756,36.0
plate0-G11,2500000,0.9727787349005244,91.0
plate0-G11,5000000,0.9738785238927671,182.0
plate0-G11,7646060,0.9742846227136178,240.0
plate0-G12,100000,0.05933158315815466,5.0
plate0-G12,250000,0.7485806994965416,12.0
plate0-G12,500000,0.9689800498375977,25.0
plate0-G12,1000000,0.9725930401405628,50.0
plate0-G12,2500000,0.9743312323462917,125.0
plate0-G12,5000000,0.9755653959178391,250.0
plate0-G12,11909592,0.976431888823134,404.0
plate0-G1,100000,0.0029827685675545886,2.0
plate0-G1,250000,0.10727777184138544,5.0
plate0-G1,500000,0.5725068619048316,10.0
plate0-G1,1000000,0.9454406977957859,21.0
plate0-G1,2500000,0.9697508442417642,53.0
plate0-G1,5000000,0.970987239125514,107.0
plate0-G1,7239934,0.9719871149158015,188.0
plate0-G2,100000,0.06946223640455276,5.0
plate0-G2,250000,0.7555490875048748,13.0
plate0-G2,500000,0.969337803560728,25.0
plate0-G2,1000000,0.0,0.0
plate0-G2,2500000,0.9755951467472055,129.0
plate0-G2,5000000,0.9768883161303294,258.0
plate0-G2,12646586,0.9778772832831826,439.0
plate0-G3,100000,3.966777248846598e-06,1.0
plate0-G3,250000,0.0019139700225684834,2.0
plate0-G3,500000,0.05612369998172803,5.0
plate0-G3,1000000,0.5065378687150444,10.0
plate0-G3,2500000,0.9664452791755846,24.0
plate0-G3,5000000,0.9708166677038136,49.0
plate0-G3,4114514,0.9730097996752697,144.0
plate0-G4,100000,1.983388624423299e-06,1.0
plate0-G4,250000,0.002287590854694222,2.0
plate0-G4,500000,0.06725670825419407,5.0
plate0-G4,1000000,0.5586293396233198,10.0
plate0-G4,2500000,0.9677922479751462,26.0
plate0-G4,5000000,0.9712294604612718,52.0
plate0-G4,3835130,0.9732269807296441,132.0
plate0-G5,100000,2.0577656978391726e-05,0.0
plate0-G5,250000,0.0022977557213943916,2.0
plate0-G5,500000,0.04135290904849162,4.0
plate0-G5,1000000,0.3554629092691436,8.0
plate0-G5,2500000,0.9470174917522024,20.0
plate0-G5,5000000,0.9699806693986193,41.0
plate0-G5,2384502,0.9711357453487678,66.0
plate0-G6,100000,0.011227467155704189,3.0
plate0-G6,250000,0.31323681337874965,8.0
plate0-G6,500000,0.8797570646443376,16.0
plate0-G6,1000000,0.9695222587027994,32.0
plate0-G6,2500000,0.9720892594299593,79.0
plate0-G6,5000000,0.9733747431821635,159.0
plate0-G6,9180274,0.9743203237088573,282.0
plate0-G7,100000,0.06309878192666867,5.0
plate0-G7,250000,0.74031715871646,12.0
plate0-G7,500000,0.967496227222951,25.0
plate0-G7,1000000,0.9714154031448115,50.0
plate0-G7,2500000,0.9734734167662287,126.0
plate0-G7,5000000,0.9745251085843291,253.0
plate0-G7,13821722,0.9755968822122518,467.0
plate0-G8,100000,7.189783763534458e-06,0.0
plate0-G8,250000,0.0005052682520718353,1.0
plate0-G8,500000,0.013553734088574665,3.0
plate0-G8,1000000,0.1907980188922725,6.0
plate0-G8,2500000,0.8896764870022346,16.0
plate0-G8,5000000,0.9694887890197622,33.0
plate0-G8,1753108,0.9707839417915106,57.0
plate0-G9,100000,0.004912853622696511,3.0
plate0-G9,250000,0.2189249488223754,7.0
plate0-G9,500000,0.8243568056633679,14.0
plate0-G9,1000000,0.9692554929328144,28.0
plate0-G9,2500000,0.9724953582508099,70.0
plate0-G9,5000000,0.9737111754775813,141.0
plate0-G9,7495354,0.9746919611523587,249.0
plate0-H10,100000,0.07545876398691856,5.0
plate0-H10,250000,0.6801741216873382,12.0
plate0-H10,500000,0.959835388661116,24.0
plate0-H10,1000000,0.9710732686070984,47.0
plate0-H10,2500000,0.9729815363873716,119.0
plate0-H10,5000000,0.9742047913214847,237.0
plate0-H10,8628388,0.9745375047632318,275.0
plate0-H11,100000,0.07028335929506402,5.0
plate0-H11,250000,0.7139271813741958,12.0
plate0-H11,500000,0.96362167754514,25.0
plate0-H11,1000000,0.9710212046557073,49.0
plate0-H11,2500000,0.9728784001789017,124.0
plate0-H11,5000000,0.9740753752137411,247.0
plate0-H11,11650028,0.9748699702814007,379.0
plate0-H1,100000,0.0432495244205964,4.0
plate0-H1,250000,0.5400405255880685,10.0
plate0-H1,500000,0.9381165394529467,20.0
plate0-H1,1000000,0.9699905863417413,41.0
plate0-H1,2500000,0.9723577606649906,102.0
plate0-H1,5000000,0.9735537440055178,203.0
plate0-H1,10663676,0.974318340320233,295.0
plate0-H2,100000,8.900456452099553e-05,0.0
plate0-H2,250000,0.0032455675602906754,0.0
plate0-H2,500000,0.0037436460285989763,0.0
plate0-H2,1000000,0.0037436460285989763,0.0
plate0-H2,2500000,0.0037436460285989763,0.0
plate0-H2,5000000,0.0037436460285989763,0.0
plate0-H2,44992,0.0037436460285989763,0.0
plate0-H3,100000,0.07072317572252988,5.0
plate0-H3,250000,0.6752528386629878,12.0
plate0-H3,500000,0.9587494833892443,24.0
plate0-H3,1000000,0.9709567445254136,47.0
plate0-H3,2500000,0.9730147581468308,118.0
plate0-H3,5000000,0.9742779287770104,236.0
plate0-H3,11738284,0.9752421035720581,374.0
plate0-H4,100000,0.04724035025651413,4.0
plate0-H4,250000,0.5683613317562088,10.0
plate0-H4,500000,0.9477575436326903,21.0
plate0-H4,1000000,0.0,0.0
plate0-H4,2500000,0.9768255914650821,103.0
plate0-H4,5000000,0.978052813176444,206.0
plate0-H4,8433006,0.9784961005340026,262.0
plate0-H5,100000,0.06774313431433387,5.0
plate0-H5,250000,0.6855691866693475,12.0
plate0-H5,500000,0.961119384871852,24.0
plate0-H5,1000000,0.9714942428426322,48.0
plate0-H5,2500000,0.9734518474149381,119.0
plate0-H5,5000000,0.9747204723638347,238.0
plate0-H5,9772230,0.9751920230092914,315.0
plate0-H6,100000,0.08505737323481512,5.0
plate0-H6,250000,0.7454310783609573,13.0
plate0-H6,500000,0.9655934137613948,26.0
plate0-H6,1000000,0.9713554056389226,51.0
plate0-H6,2500000,0.9732187992515683,129.0
plate0-H6,5000000,0.9743875109985097,258.0
plate0-H6,9966792,0.9747474960338426,324.0
plate0-H7,100000,0.045571080805483874,4.0
plate0-H7,250000,0.6245170138795056,11.0
plate0-H7,500000,0.960631719193822,22.0
plate0-H7,1000000,0.0,0.0
plate0-H7,2500000,0.9767755109023154,110.0
plate0-H7,5000000,0.9781264464791257,221.0
plate0-H7,9029306,0.9784961005340026,297.0
plate0-H8,100000,0.0008987229704418072,2.0
plate0-H8,250000,0.05128770266822792,4.0
plate0-H8,500000,0.4521285602755522,9.0
plate0-H8,1000000,0.9320890214233243,18.0
plate0-H8,2500000,0.9704480053432489,46.0
plate0-H8,5000000,0.9719224068619297,93.0
plate0-H8,3900662,0.9726949367311425,130.0
plate0-H9,100000,0.005241104440038567,2.0
plate0-H9,250000,0.14142626963523747,6.0
plate0-H9,500000,0.6600020676826409,11.0
plate0-H9,1000000,0.9586165963514078,23.0
plate0-H9,2500000,0.9714902760653834,58.0
plate0-H9,5000000,0.972931951671761,115.0
plate0-H9,4123290,0.9730886393730905,128.0
plate1-A10,100000,0.0,0.0
plate1-A10,250000,0.0,0.0
plate1-A10,500000,0.0,0.0
plate1-A10,1000000,6.941860185481545e-06,0.0
plate1-A10,2500000,6.941860185481545e-06,0.0
plate1-A10,5000000,6.941860185481545e-06,0.0
plate1-A10,536,6.941860185481545e-06,0.0
plate1-A11,100000,0.0,0.0
plate1-A11,250000,0.0,0.0
plate1-A11,500000,2.132142771255046e-05,0.0
plate1-A11,1000000,2.528820496139706e-05,0.0
plate1-A11,2500000,0.0005838600263146085,0.0
plate1-A11,5000000,0.002715011103257443,0.0
plate1-A11,23556,0.004662946656019175,0.0
plate1-A12,100000,0.10285729444470201,5.0
plate1-A12,250000,0.7441976585601442,13.0
plate1-A12,500000,0.965181364774671,26.0
plate1-A12,1000000,0.0,0.0
plate1-A12,2500000,0.9746056837471962,131.0
plate1-A12,5000000,0.9759499253873992,261.0
plate1-A12,19261916,0.977317223920361,618.0
plate1-A1,100000,0.09637607626724277,5.0
plate1-A1,250000,0.7674164454155336,13.0
plate1-A1,500000,0.9636439906671648,27.0
plate1-A1,1000000,0.9673397874451996,54.0
plate1-A1,2500000,0.9690179821450398,135.0
plate1-A1,5000000,0.9701921482106983,271.0
plate1-A1,160245138,0.9756134930919814,4697.0
plate1-A2,100000,0.09166007396552027,5.0
plate1-A2,250000,0.7981520272339092,13.0
plate1-A2,500000,0.9697895203199404,27.0
plate1-A2,1000000,0.9730593843908802,54.0
plate1-A2,2500000,0.9756482023929088,137.0
plate1-A2,5000000,0.9770462434495492,273.0
plate1-A2,20941610,0.9784455241240798,678.0
plate1-A3,100000,0.1229896806769107,5.0
plate1-A3,250000,0.7566290426108733,13.0
plate1-A3,500000,0.9685967599859279,26.0
plate1-A3,1000000,0.9726537814171857,52.0
plate1-A3,2500000,0.9743004898226132,129.0
plate1-A3,5000000,0.9754550699256056,257.0
plate1-A3,10620238,0.9758730690782028,314.0
plate1-A5,100000,0.11783758080139313,5.0
plate1-A5,250000,0.8232763547102133,14.0
plate1-A5,500000,0.9705050277662012,28.0
plate1-A5,1000000,0.9727170019295892,56.0
plate1-A5,2500000,0.9743210674795916,141.0
plate1-A5,5000000,0.9750507065698013,221.0
plate1-A5,6922294,0.9750507065698013,221.0
plate1-A6,100000,9.272341819178922e-05,0.0
plate1-A6,250000,0.004123464950176038,0.0
plate1-A6,500000,0.010617575153694023,0.0
plate1-A6,1000000,0.010617575153694023,0.0
plate1-A6,2500000,0.010617575153694023,0.0
plate1-A6,5000000,0.010617575153694023,0.0
plate1-A6,81056,0.010617575153694023,0.0
plate1-A7,100000,0.0,0.0
plate1-A7,250000,0.0,0.0
plate1-A7,500000,0.0,0.0
plate1-A7,1000000,0.0,0.0
plate1-A7,2500000,0.0,0.0
plate1-A7,5000000,0.0,0.0
plate1-A7,0,0.0,0.0
plate1-A8,100000,0.0,0.0
plate1-A8,250000,0.0,0.0
plate1-A8,500000,1.388372037096309e-05,0.0
plate1-A8,1000000,0.000254617514660341,0.0
plate1-A8,2500000,0.004245939197734177,0.0
plate1-A8,5000000,0.010917562683138048,0.0
plate1-A8,176194,0.024703105317192185,0.0
plate1-A9,100000,0.006405601486153096,2.0
plate1-A9,250000,0.15310991617455902,5.0
plate1-A9,500000,0.6025095816264828,11.0
plate1-A9,1000000,0.7850391012671126,15.0
plate1-A9,2500000,0.7850391012671126,15.0
plate1-A9,5000000,0.7850391012671126,15.0
plate1-A9,790632,0.7850391012671126,15.0
plate1-B10,100000,0.0,0.0
plate1-B10,250000,0.0,0.0
plate1-B10,500000,0.0,0.0
plate1-B10,1000000,0.0,0.0
plate1-B10,2500000,0.0,0.0
plate1-B10,5000000,0.0,0.0
plate1-B10,110,0.0,0.0
plate1-B11,100000,0.0,0.0
plate1-B11,250000,0.0,0.0
plate1-B11,500000,0.0,0.0
plate1-B11,1000000,0.0,0.0
plate1-B11,2500000,0.0,0.0
plate1-B11,5000000,0.0,0.0
plate1-B11,16588,0.0002781702545753677,0.0
plate1-B12,100000,0.10792212522074496,6.0
plate1-B12,250000,0.8500560679171767,14.0
plate1-B12,500000,0.9699231511285109,29.0
plate1-B12,1000000,0.9719040605171537,58.0
plate1-B12,2500000,0.9740181048672109,145.0
plate1-B12,5000000,0.9743974279416319,170.0
plate1-B12,5081008,0.9743974279416319,170.0
plate1-B1,100000,0.11660316930626768,6.0
plate1-B1,250000,0.8506552992053306,14.0
plate1-B1,500000,0.9683409028533773,29.0
plate1-B1,1000000,0.970869971273095,59.0
plate1-B1,2500000,0.9728030314111735,148.0
plate1-B1,5000000,0.9739370338571876,276.0
plate1-B1,8641004,0.9739370338571876,276.0
plate1-B2,100000,0.11227516740419799,5.0
plate1-B2,250000,0.8272887498974216,14.0
plate1-B2,500000,0.9683644555932923,28.0
plate1-B2,1000000,0.9707963379704133,57.0
plate1-B2,2500000,0.9726423769325953,144.0
plate1-B2,5000000,0.9740009981403253,289.0
plate1-B2,17821162,0.9752540039038047,553.0
plate1-B3,100000,0.11317562583968617,5.0
plate1-B3,250000,0.8016281637217891,14.0
plate1-B3,500000,0.9701822312675762,27.0
plate1-B3,1000000,0.973400527234281,55.0
plate1-B3,2500000,0.9750740113861383,137.0
plate1-B3,5000000,0.9758505080326,204.0
plate1-B3,6460106,0.9758505080326,204.0
plate1-B4,100000,0.12493984754187491,6.0
plate1-B4,250000,0.8648662786993235,15.0
plate1-B4,500000,0.9687455141327596,30.0
plate1-B4,1000000,0.9714245763171994,60.0
plate1-B4,2500000,0.9732195430223025,151.0
plate1-B4,5000000,0.9746096505244451,303.0
plate1-B4,20486614,0.9759362895906063,666.0
plate1-B5,100000,0.1124509452210375,5.0
plate1-B5,250000,0.8300483872447286,14.0
plate1-B5,500000,0.9702945406484342,28.0
plate1-B5,1000000,0.9726146094918534,56.0
plate1-B5,2500000,0.974402634336771,141.0
plate1-B5,5000000,0.9753065637023519,234.0
plate1-B5,7292734,0.9753065637023519,234.0
plate1-B6,100000,0.058188407539752685,4.0
plate1-B6,250000,0.633917780112116,11.0
plate1-B6,500000,0.9552287206573148,23.0
plate1-B6,1000000,0.9697657196564473,46.0
plate1-B6,2500000,0.9713645788113106,115.0
plate1-B6,5000000,0.9723069363314897,194.0
plate1-B6,6629126,0.9723069363314897,194.0
plate1-B7,100000,0.0,0.0
plate1-B7,250000,0.0,0.0
plate1-B7,500000,0.0,0.0
plate1-B7,1000000,0.0,0.0
plate1-B7,2500000,0.0,0.0
plate1-B7,5000000,0.0,0.0
plate1-B7,0,0.0,0.0
plate1-B8,100000,0.0,0.0
plate1-B8,250000,0.0,0.0
plate1-B8,500000,0.0,0.0
plate1-B8,1000000,2.231312202476211e-06,0.0
plate1-B8,2500000,2.3552739915026673e-05,0.0
plate1-B8,5000000,2.3552739915026673e-05,0.0
plate1-B8,2540,2.3552739915026673e-05,0.0
plate1-B9,100000,0.000138589280131578,0.0
plate1-B9,250000,0.006857814092521609,2.0
plate1-B9,500000,0.07983263175092804,4.0
plate1-B9,1000000,0.4305081367278699,9.0
plate1-B9,2500000,0.9329322095122823,22.0
plate1-B9,5000000,0.9676147346932603,44.0
plate1-B9,19065454,0.9712269812254912,332.0
plate1-C10,100000,0.0,0.0
plate1-C10,250000,0.0,0.0
plate1-C10,500000,0.0,0.0
plate1-C10,1000000,0.0,0.0
plate1-C10,2500000,0.0,0.0
plate1-C10,5000000,0.0,0.0
plate1-C10,540,7.43770734158737e-06,0.0
plate1-C12,100000,0.08847772691763309,5.0
plate1-C12,250000,0.7691950491644851,13.0
plate1-C12,500000,0.9659427380828715,26.0
plate1-C12,1000000,0.9698574513803269,53.0
plate1-C12,2500000,0.9716484513081811,134.0
plate1-C12,5000000,0.9727869163786002,269.0
plate1-C12,185675378,0.9784127982117768,5388.0
plate1-C1,100000,0.12875415179021896,6.0
plate1-C1,250000,0.8384396086675074,14.0
plate1-C1,500000,0.9677838185734924,29.0
plate1-C1,1000000,0.9700711615046085,59.0
plate1-C1,2500000,0.9718286917494257,148.0
plate1-C1,5000000,0.9729388935319465,297.0
plate1-C1,30121026,0.9753618506602577,956.0
plate1-C2,100000,0.14489199333283914,6.0
plate1-C2,250000,0.8760982084794326,15.0
plate1-C2,500000,0.9690482288215622,31.0
plate1-C2,1000000,0.9709698844750503,62.0
plate1-C2,2500000,0.9727383233573017,156.0
plate1-C2,5000000,0.973948438341778,312.0
plate1-C2,15308386,0.9747375790907205,506.0
plate1-C3,100000,0.07024245190468528,4.0
plate1-C3,250000,0.6600442146909099,11.0
plate1-C3,500000,0.9629455899477898,23.0
plate1-C3,1000000,0.9721591738789701,46.0
plate1-C3,2500000,0.9740354595176746,114.0
plate1-C3,5000000,0.9749074067416867,201.0
plate1-C3,6765992,0.9749074067416867,201.0
plate1-C4,100000,0.0784497140325489,5.0
plate1-C4,250000,0.7667257303270781,13.0
plate1-C4,500000,0.9685384979450854,26.0
plate1-C4,1000000,0.0,0.0
plate1-C4,2500000,0.9751124395407365,131.0
plate1-C4,5000000,0.9764571770280954,263.0
plate1-C4,43418232,0.97991744640698,1375.0
plate1-C5,100000,0.09975849764261865,5.0
plate1-C5,250000,0.774193684345188,13.0
plate1-C5,500000,0.9690093048198078,26.0
plate1-C5,1000000,0.9724370962099674,53.0
plate1-C5,2500000,0.9740758710608972,132.0
plate1-C5,5000000,0.9753613548131016,263.0
plate1-C5,12675102,0.9760481031243081,394.0
plate1-C6,100000,0.13376989369780745,5.0
plate1-C6,250000,0.8143622624613208,14.0
plate1-C6,500000,0.9677047309520935,29.0
plate1-C6,1000000,0.970490400275096,58.0
plate1-C6,2500000,0.9720870281177567,144.0
plate1-C6,5000000,0.9731992132889021,288.0
plate1-C6,13028942,0.9737833212387947,423.0
plate1-C7,100000,0.0,0.0
plate1-C7,250000,0.0,0.0
plate1-C7,500000,0.0,0.0
plate1-C7,1000000,0.0,0.0
plate1-C7,2500000,0.0,0.0
plate1-C7,5000000,0.0,0.0
plate1-C7,0,0.0,0.0
plate1-C9,100000,0.0,0.0
plate1-C9,250000,0.0,0.0
plate1-C9,500000,2.776744074192618e-05,0.0
plate1-C9,1000000,0.0015787773450409459,1.0
plate1-C9,2500000,0.06807907076259558,4.0
plate1-C9,5000000,0.4094147987071281,8.0
plate1-C9,930250,0.9427108112778452,22.0
plate1-D10,100000,0.0,0.0
plate1-D10,250000,0.0,0.0
plate1-D10,500000,0.0,0.0
plate1-D10,1000000,0.0,0.0
plate1-D10,2500000,2.231312202476211e-06,0.0
plate1-D10,5000000,0.00012148255324592704,0.0
plate1-D10,222456,0.18745476944222897,6.0
plate1-D11,100000,0.00014503529316095372,0.0
plate1-D11,250000,0.0020723931889442943,0.0
plate1-D11,500000,0.0020723931889442943,0.0
plate1-D11,1000000,0.0020723931889442943,0.0
plate1-D11,2500000,0.0020723931889442943,0.0
plate1-D11,5000000,0.0020723931889442943,0.0
plate1-D11,34264,0.0020723931889442943,0.0
plate1-D12,100000,0.0,0.0
plate1-D12,250000,0.0,0.0
plate1-D12,500000,0.0,0.0
plate1-D12,1000000,0.0,0.0
plate1-D12,2500000,0.0,0.0
plate1-D12,5000000,0.0,0.0
plate1-D12,0,0.0,0.0
plate1-D1,100000,0.1382054944327521,6.0
plate1-D1,250000,0.8879038334191562,15.0
plate1-D1,500000,0.9687688189490966,31.0
plate1-D1,1000000,0.9710725248363642,63.0
plate1-D1,2500000,0.9731585538221015,157.0
plate1-D1,5000000,0.9744866804297309,315.0
plate1-D1,18785122,0.9757647264745937,637.0
plate1-D2,100000,0.0702950117032325,4.0
plate1-D2,250000,0.6850453241489217,12.0
plate1-D2,500000,0.9621472760264594,24.0
plate1-D2,1000000,0.9698762935722589,48.0
plate1-D2,2500000,0.971910010683027,120.0
plate1-D2,5000000,0.9732916887835159,239.0
plate1-D2,74653914,0.9769926919566897,1986.0
plate1-D3,100000,0.0,0.0
plate1-D3,250000,0.0,0.0
plate1-D3,500000,0.0,0.0
plate1-D3,1000000,0.0,0.0
plate1-D3,2500000,0.0,0.0
plate1-D3,5000000,0.0,0.0
plate1-D3,0,0.0,0.0
plate1-D4,100000,0.12094108815145949,6.0
plate1-D4,250000,0.8357253413349842,14.0
plate1-D4,500000,0.9681966113309505,29.0
plate1-D4,1000000,0.970597751184393,58.0
plate1-D4,2500000,0.9724725492816291,146.0
plate1-D4,5000000,0.9737456368549308,293.0
plate1-D4,47969610,0.976333463162647,1507.0
plate1-D5,100000,0.11278514620425283,5.0
plate1-D5,250000,0.7650557171053137,13.0
plate1-D5,500000,0.9682558650661051,26.0
plate1-D5,1000000,0.9721036389974863,52.0
plate1-D5,2500000,0.9737262988158426,129.0
plate1-D5,5000000,0.9750591359714551,258.0
plate1-D5,120359790,0.9797622462471188,3663.0
plate1-D6,100000,0.0,0.0
plate1-D6,250000,0.0,0.0
plate1-D6,500000,0.0,0.0
plate1-D6,1000000,0.0,0.0
plate1-D6,2500000,0.0,0.0
plate1-D6,5000000,0.0,0.0
plate1-D6,4,0.0,0.0
plate1-D8,100000,0.0,0.0
plate1-D8,250000,0.0,0.0
plate1-D8,500000,0.0,0.0
plate1-D8,1000000,0.0,0.0
plate1-D8,2500000,0.0,0.0
plate1-D8,5000000,0.0,0.0
plate1-D8,66,0.0,0.0
plate1-D9,100000,0.0,0.0
plate1-D9,250000,0.0,0.0
plate1-D9,500000,0.0,0.0
plate1-D9,1000000,0.0,0.0
plate1-D9,2500000,0.0,0.0
plate1-D9,5000000,0.0,0.0
plate1-D9,94,0.0,0.0
plate1-E10,100000,0.0,0.0
plate1-E10,250000,1.1900331746539793e-05,0.0
plate1-E10,500000,0.0001346225028827314,0.0
plate1-E10,1000000,0.0026803018023300353,2.0
plate1-E10,2500000,0.09468102276409501,5.0
plate1-E10,5000000,0.5125252231250221,10.0
plate1-E10,1115400,0.9558926599993405,26.0
plate1-E11,100000,0.0,0.0
plate1-E11,250000,1.0164866700169406e-05,0.0
plate1-E11,500000,7.933554497693195e-05,1.0
plate1-E11,1000000,0.0033308532711408775,2.0
plate1-E11,2500000,0.11750164435313143,5.0
plate1-E11,5000000,0.5376321959508625,10.0
plate1-E11,522846,0.7838480763981465,14.0
plate1-E12,100000,0.0,0.0
plate1-E12,250000,0.0,0.0
plate1-E12,500000,0.0,0.0
plate1-E12,1000000,0.0,0.0
plate1-E12,2500000,1.3139949636804354e-05,0.0
plate1-E12,5000000,0.00027792233099731473,1.0
plate1-E12,1001842,0.9607415493388994,27.0
plate1-E1,100000,0.14878092257817713,6.0
plate1-E1,250000,0.8763771225047422,15.0
plate1-E1,500000,0.9687678272547844,31.0
plate1-E1,1000000,0.9709755867173455,61.0
plate1-E1,2500000,0.9730239313192187,154.0
plate1-E1,5000000,0.9744829615760601,308.0
plate1-E1,13313608,0.9751560740904738,436.0
plate1-E2,100000,0.08496241850442085,5.0
plate1-E2,250000,0.7651779434292938,13.0
plate1-E2,500000,0.966976331479774,26.0
plate1-E2,1000000,0.9700939704737894,51.0
plate1-E2,2500000,0.9716660538822229,129.0
plate1-E2,5000000,0.9729812884637936,257.0
plate1-E2,9021928,0.973161528905038,287.0
plate1-E3,100000,0.07599130383257621,5.0
plate1-E3,250000,0.7179683356964582,12.0
plate1-E3,500000,0.9667735299929268,24.0
plate1-E3,1000000,0.9730110392931599,49.0
plate1-E3,2500000,0.9746225425505038,122.0
plate1-E3,5000000,0.9758259635983727,236.0
plate1-E3,7748270,0.9758259635983727,236.0
plate1-E4,100000,0.1606924108857293,6.0
plate1-E4,250000,0.902859079494464,16.0
plate1-E4,500000,0.9688977392096841,32.0
plate1-E4,1000000,0.9708749297446561,65.0
plate1-E4,2500000,0.9728969944472556,164.0
plate1-E4,5000000,0.9742459466354415,328.0
plate1-E4,18962826,0.9754096999108219,657.0
plate1-E5,100000,0.10222806440360371,5.0
plate1-E5,250000,0.7941661598695525,13.0
plate1-E5,500000,0.9694131723284561,27.0
plate1-E5,1000000,0.9724175102473013,54.0
plate1-E5,2500000,0.9739682722280223,134.0
plate1-E5,5000000,0.9751320255034026,268.0
plate1-E5,15872436,0.9762744573510704,506.0
plate1-E6,100000,0.0,0.0
plate1-E6,250000,0.0,0.0
plate1-E6,500000,0.0,0.0
plate1-E6,1000000,0.0,0.0
plate1-E6,2500000,0.0,0.0
plate1-E6,5000000,0.0,0.0
plate1-E6,308,0.0,0.0
plate1-E7,100000,0.0004903928373886607,1.0
plate1-E7,250000,0.021885205929042785,3.0
plate1-E7,500000,0.23598531399893047,7.0
plate1-E7,1000000,0.7937858451008194,14.0
plate1-E7,2500000,0.9692959044760371,35.0
plate1-E7,5000000,0.9704502366554514,49.0
plate1-E7,1624066,0.9704502366554514,49.0
plate1-E8,100000,4.859302129837082e-05,0.0
plate1-E8,250000,0.0019013259200877848,2.0
plate1-E8,500000,0.03374586990309411,4.0
plate1-E8,1000000,0.2969918688504106,7.0
plate1-E8,2500000,0.922130675063673,19.0
plate1-E8,5000000,0.9676030822850917,38.0
plate1-E8,4915022,0.9697553068661691,97.0
plate1-E9,100000,0.0,0.0
plate1-E9,250000,0.0,0.0
plate1-E9,500000,0.0,0.0
plate1-E9,1000000,0.0,0.0
plate1-E9,2500000,0.0,0.0
plate1-E9,5000000,0.0,0.0
plate1-E9,0,0.0,0.0
plate1-F10,100000,0.0004988222390424597,1.0
plate1-F10,250000,0.02850526131021165,3.0
plate1-F10,500000,0.26488204663888765,7.0
plate1-F10,1000000,0.7783054968871955,14.0
plate1-F10,2500000,0.966577918289843,35.0
plate1-F10,5000000,0.9700349646622128,71.0
plate1-F10,8332862,0.9721876850904463,196.0
plate1-F11,100000,0.0,0.0
plate1-F11,250000,0.0,0.0
plate1-F11,500000,0.0,0.0
plate1-F11,1000000,0.0,0.0
plate1-F11,2500000,0.0,0.0
plate1-F11,5000000,0.0,0.0
plate1-F11,0,0.0,0.0
plate1-F12,100000,0.0,0.0
plate1-F12,250000,0.0,0.0
plate1-F12,500000,0.0,0.0
plate1-F12,1000000,0.0,0.0
plate1-F12,2500000,0.0,0.0
plate1-F12,5000000,0.0,0.0
plate1-F12,0,0.0,0.0
plate1-F2,100000,0.08624492717368856,5.0
plate1-F2,250000,0.7227254933121375,12.0
plate1-F2,500000,0.9667060947796964,25.0
plate1-F2,1000000,0.9729902137126035,49.0
plate1-F2,2500000,0.9745437028526831,123.0
plate1-F2,5000000,0.9752500371265558,185.0
plate1-F2,6121508,0.9752500371265558,185.0
plate1-F3,100000,0.08139678160486387,5.0
plate1-F3,250000,0.7646411888828093,13.0
plate1-F3,500000,0.9695743226541905,26.0
plate1-F3,1000000,0.9729857510881985,51.0
plate1-F3,2500000,0.9747675778436649,128.0
plate1-F3,5000000,0.9760545491373375,256.0
plate1-F3,10269124,0.9764715565956225,322.0
plate1-F4,100000,0.170957190787854,6.0
plate1-F4,250000,0.9007566875525753,16.0
plate1-F4,500000,0.9691330186852563,32.0
plate1-F4,1000000,0.9709750908701894,65.0
plate1-F4,2500000,0.9726468395570003,162.0
plate1-F4,5000000,0.9740590122575896,325.0
plate1-F4,10680136,0.9742506571834245,365.0
plate1-F5,100000,0.08027691080279886,5.0
plate1-F5,250000,0.6906791395365961,12.0
plate1-F5,500000,0.9608846012434359,24.0
plate1-F5,1000000,0.9697701822808523,49.0
plate1-F5,2500000,0.9713866440097573,122.0
plate1-F5,5000000,0.9723681734552687,244.0
plate1-F5,15660880,0.9734335010701621,458.0
plate1-F6,100000,0.0,0.0
plate1-F6,250000,2.9502905788296568e-05,0.0
plate1-F6,500000,0.001159786498131524,2.0
plate1-F6,1000000,0.025739673797031414,3.0
plate1-F6,2500000,0.456040050566493,9.0
plate1-F6,5000000,0.926957003357629,18.0
plate1-F6,737192,0.9564849494273089,22.0
plate1-F7,100000,0.0002025535632692294,1.0
plate1-F7,250000,0.01124630934763621,2.0
plate1-F7,500000,0.13098298475691464,5.0
plate1-F7,1000000,0.0,0.0
plate1-F7,2500000,0.9643220616531395,27.0
plate1-F7,5000000,0.9723081759493799,54.0
plate1-F7,4007252,0.9743188361673891,110.0
plate1-F9,100000,0.0,0.0
plate1-F9,250000,0.0,0.0
plate1-F9,500000,0.0,0.0
plate1-F9,1000000,0.0,0.0
plate1-F9,2500000,0.0,0.0
plate1-F9,5000000,0.0,0.0
plate1-F9,2,0.0,0.0
plate1-G10,100000,0.0,0.0
plate1-G10,250000,0.0,0.0
plate1-G10,500000,0.0,0.0
plate1-G10,1000000,5.454318717164072e-06,0.0
plate1-G10,2500000,0.001512829673278871,1.0
plate1-G10,5000000,0.029198455634447593,3.0
plate1-G10,255450,0.17970319085082662,5.0
plate1-G11,100000,3.346968303714317e-05,0.0
plate1-G11,250000,0.004650302553538477,2.0
plate1-G11,500000,0.034154943806881416,3.0
plate1-G11,1000000,0.034154943806881416,3.0
plate1-G11,2500000,0.034154943806881416,3.0
plate1-G11,5000000,0.034154943806881416,3.0
plate1-G11,123292,0.034154943806881416,3.0
plate1-G12,100000,0.0,0.0
plate1-G12,250000,0.0,0.0
plate1-G12,500000,0.0,0.0
plate1-G12,1000000,0.0,0.0
plate1-G12,2500000,0.0,0.0
plate1-G12,5000000,0.0,0.0
plate1-G12,6,0.0,0.0
plate1-G1,100000,0.12783857001646956,6.0
plate1-G1,250000,0.8523436587718709,15.0
plate1-G1,500000,0.9682189244529752,30.0
plate1-G1,1000000,0.970518663562994,60.0
plate1-G1,2500000,0.9723954450488546,150.0
plate1-G1,5000000,0.9737582809574115,300.0
plate1-G1,10299860,0.9739536447369171,330.0
plate1-G2,100000,0.0868565546407451,5.0
plate1-G2,250000,0.7683632655601176,13.0
plate1-G2,500000,0.9687886528353408,26.0
plate1-G2,1000000,0.9726636983603079,52.0
plate1-G2,2500000,0.974515687488363,130.0
plate1-G2,5000000,0.9758817464034346,254.0
plate1-G2,7967924,0.9758817464034346,254.0
plate1-G3,100000,0.0694215769377521,5.0
plate1-G3,250000,0.6880494141441889,12.0
plate1-G3,500000,0.965181364774671,24.0
plate1-G3,1000000,0.9727033661327963,47.0
plate1-G3,2500000,0.9740485994673114,118.0
plate1-G3,5000000,0.9752755732550953,235.0
plate1-G3,12023112,0.97605678044954,364.0
plate1-G4,100000,0.1120681512165238,5.0
plate1-G4,250000,0.8135309747041094,14.0
plate1-G4,500000,0.9666589892998663,28.0
plate1-G4,1000000,0.9697865452370038,57.0
plate1-G4,2500000,0.9714801111986833,143.0
plate1-G4,5000000,0.9726344433780976,287.0
plate1-G4,30111606,0.9748099727755118,926.0
plate1-G5,100000,0.00010611129140664648,0.0
plate1-G5,250000,0.005296391397944367,0.0
plate1-G5,500000,0.005296391397944367,0.0
plate1-G5,1000000,0.005296391397944367,0.0
plate1-G5,2500000,0.005296391397944367,0.0
plate1-G5,5000000,0.005296391397944367,0.0
plate1-G5,52454,0.005296391397944367,0.0
plate1-G6,100000,0.006401634708904249,2.0
plate1-G6,250000,0.20097999231932756,6.0
plate1-G6,500000,0.7640997237883417,13.0
plate1-G6,1000000,0.9661854552657853,26.0
plate1-G6,2500000,0.9703106556810076,67.0
plate1-G6,5000000,0.9715096141044716,134.0
plate1-G6,9860336,0.972659483659481,258.0
plate1-G7,100000,0.04470979429532805,4.0
plate1-G7,250000,0.611745726603266,11.0
plate1-G7,500000,0.9582288438753331,22.0
plate1-G7,1000000,0.9712359064743011,44.0
plate1-G7,2500000,0.9731895442693581,110.0
plate1-G7,5000000,0.974758652594855,220.0
plate1-G7,9507214,0.9753278851300644,286.0
plate1-G8,100000,0.0,0.0
plate1-G8,250000,0.0,0.0
plate1-G8,500000,0.0,0.0
plate1-G8,1000000,0.0,0.0
plate1-G8,2500000,0.0,0.0
plate1-G8,5000000,1.884219193202134e-05,0.0
plate1-G8,63224,0.00991148880339933,0.0
plate1-G9,100000,0.0,0.0
plate1-G9,250000,0.0,0.0
plate1-G9,500000,0.0,0.0
plate1-G9,1000000,0.0,0.0
plate1-G9,2500000,0.0,0.0
plate1-G9,5000000,0.0,0.0
plate1-G9,0,0.0,0.0
plate1-H10,100000,0.0,0.0
plate1-H10,250000,0.0,0.0
plate1-H10,500000,0.0,0.0
plate1-H10,1000000,0.0,0.0
plate1-H10,2500000,0.0,0.0
plate1-H10,5000000,0.0,0.0
plate1-H10,0,0.0,0.0
plate1-H11,100000,0.0068464096079311745,2.0
plate1-H11,250000,0.22585242944032988,7.0
plate1-H11,500000,0.7732391785696843,13.0
plate1-H11,1000000,0.9624083395541491,27.0
plate1-H11,2500000,0.9699214156634646,69.0
plate1-H11,5000000,0.9718661282097116,139.0
plate1-H11,29934434,0.975302349001525,811.0
plate1-H12,100000,0.05887837885747394,4.0
plate1-H12,250000,0.6416433267278228,11.0
plate1-H12,500000,0.9580322404779371,23.0
plate1-H12,1000000,0.969258220092173,41.0
plate1-H12,2500000,0.969258220092173,41.0
plate1-H12,5000000,0.969258220092173,41.0
plate1-H12,1468386,0.969258220092173,41.0
plate1-H1,100000,0.0,0.0
plate1-H1,250000,0.0,0.0
plate1-H1,500000,0.0,0.0
plate1-H1,1000000,0.0,0.0
plate1-H1,2500000,0.0,0.0
plate1-H1,5000000,0.0,0.0
plate1-H1,0,0.0,0.0
plate1-H2,100000,0.07077350420887463,5.0
plate1-H2,250000,0.708718059075726,12.0
plate1-H2,500000,0.9662970208759091,24.0
plate1-H2,1000000,0.9733001181851697,48.0
plate1-H2,2500000,0.9750846720999945,120.0
plate1-H2,5000000,0.9766034519391467,239.0
plate1-H2,9309454,0.9769500491012646,286.0
plate1-H3,100000,0.0707757355210771,4.0
plate1-H3,250000,0.575858788680107,10.0
plate1-H3,500000,0.9484380938544456,21.0
plate1-H3,1000000,0.9715611822087066,42.0
plate1-H3,2500000,0.9735862219942427,105.0
plate1-H3,5000000,0.9747507190403573,209.0
plate1-H3,49213190,0.97847477910629,1226.0
plate1-H4,100000,0.04787528253990764,4.0
plate1-H4,250000,0.5401768835559976,10.0
plate1-H4,500000,0.9459286113973939,20.0
plate1-H4,1000000,0.9731935110466069,40.0
plate1-H4,2500000,0.9751238440253269,100.0
plate1-H4,5000000,0.9755210175973676,132.0
plate1-H4,4577592,0.9755210175973676,132.0
plate1-H5,100000,0.0005082433350084703,1.0
plate1-H5,250000,0.03274153148840176,4.0
plate1-H5,500000,0.3494943970510978,8.0
plate1-H5,1000000,0.8997917689867934,16.0
plate1-H5,2500000,0.9704705663888518,41.0
plate1-H5,5000000,0.9721693387456704,83.0
plate1-H5,4367350,0.9734275509042889,143.0
plate1-H6,100000,0.03056451454951914,4.0
plate1-H6,250000,0.5608750313933231,10.0
plate1-H6,500000,0.9572614460737706,21.0
plate1-H6,1000000,0.9707393155474612,41.0
plate1-H6,2500000,0.9728280716925569,104.0
plate1-H6,5000000,0.9739033162505724,195.0
plate1-H6,5947524,0.9739033162505724,195.0
plate1-H7,100000,0.0,0.0
plate1-H7,250000,0.00022511460887204442,0.0
plate1-H7,500000,0.0036273698704921606,0.0
plate1-H7,1000000,0.030323036984495604,0.0
plate1-H7,2500000,0.13533875409972626,1.0
plate1-H7,5000000,0.2048706570297119,3.0
plate1-H7,734350,0.28347110859771696,5.0
plate1-H8,100000,0.0,0.0
plate1-H8,250000,0.0,0.0
plate1-H8,500000,0.0,0.0
plate1-H8,1000000,0.0,0.0
plate1-H8,2500000,4.884094487642373e-05,0.0
plate1-H8,5000000,0.0007933554497693195,1.0
plate1-H8,1213596,0.9669240196048049,31.0
plate1-H9,100000,0.0,0.0
plate1-H9,250000,0.0,0.0
plate1-H9,500000,0.0,0.0
plate1-H9,1000000,0.0,0.0
plate1-H9,2500000,0.0,0.0
plate1-H9,5000000,0.0,0.0
plate1-H9,370,0.0,0.0
plate2-A1,100000,0.0,0.0
plate2-A1,250000,0.0,0.0
plate2-A1,500000,0.0,0.0
plate2-A1,1000000,0.0,0.0
plate2-A1,2500000,0.0,0.0
plate2-A1,5000000,0.0,0.0
plate2-A1,0,0.0,0.0
plate2-A2,100000,0.0,0.0
plate2-A2,250000,0.0,0.0
plate2-A2,500000,0.0,0.0
plate2-A2,1000000,0.0,0.0
plate2-A2,2500000,0.0,0.0
plate2-A2,5000000,0.0,0.0
plate2-A2,16,0.0,0.0
plate2-B1,100000,0.0,0.0
plate2-B1,250000,0.0,0.0
plate2-B1,500000,0.0,0.0
plate2-B1,1000000,0.0,0.0
plate2-B1,2500000,0.0,0.0
plate2-B1,5000000,0.0,0.0
plate2-B1,0,0.0,0.0
plate2-B2,100000,0.0,0.0
plate2-B2,250000,8.850871736488971e-05,0.0
plate2-B2,500000,0.0006855086933163026,1.0
plate2-B2,1000000,0.005884218201507822,2.0
plate2-B2,2500000,0.13001112433094725,5.0
plate2-B2,5000000,0.3249730197166184,7.0
plate2-B2,251838,0.3249730197166184,7.0
plate2-C1,100000,0.0,0.0
plate2-C1,250000,0.0,0.0
plate2-C1,500000,0.0,0.0
plate2-C1,1000000,0.0,0.0
plate2-C1,2500000,0.0,0.0
plate2-C1,5000000,0.0,0.0
plate2-C1,0,0.0,0.0
plate2-C2,100000,0.00027445140090457396,1.0
plate2-C2,250000,0.016000491880378855,3.0
plate2-C2,500000,0.2066549630209587,6.0
plate2-C2,1000000,0.769746927049231,13.0
plate2-C2,2500000,0.9686344443697918,33.0
plate2-C2,5000000,0.9708573271706143,67.0
plate2-C2,5301244,0.9723203242047046,171.0
plate2-D1,100000,0.0,0.0
plate2-D1,250000,0.0,0.0
plate2-D1,500000,0.0,0.0
plate2-D1,1000000,0.0,0.0
plate2-D1,2500000,0.0,0.0
plate2-D1,5000000,0.0,0.0
plate2-D1,0,0.0,0.0
plate2-D2,100000,2.975082936634948e-05,0.0
plate2-D2,250000,7.43770734158737e-05,0.0
plate2-D2,500000,7.43770734158737e-05,0.0
plate2-D2,1000000,7.43770734158737e-05,0.0
plate2-D2,2500000,7.43770734158737e-05,0.0
plate2-D2,5000000,7.43770734158737e-05,0.0
plate2-D2,980,7.43770734158737e-05,0.0
plate2-E1,100000,0.0,0.0
plate2-E1,250000,0.0,0.0
plate2-E1,500000,0.0,0.0
plate2-E1,1000000,2.082558055644464e-05,0.0
plate2-E1,2500000,4.8097174142265e-05,0.0
plate2-E1,5000000,4.8097174142265e-05,0.0
plate2-E1,1060,4.8097174142265e-05,0.0
plate2-E2,100000,0.0,0.0
plate2-E2,250000,0.0,0.0
plate2-E2,500000,0.0,0.0
plate2-E2,1000000,0.0,0.0
plate2-E2,2500000,0.0,0.0
plate2-E2,5000000,0.0,0.0
plate2-E2,86,0.0,0.0
plate2-F1,100000,7.983139213303778e-05,0.0
plate2-F1,250000,0.00012991195489972607,0.0
plate2-F1,500000,0.00012991195489972607,0.0
plate2-F1,1000000,0.00012991195489972607,0.0
plate2-F1,2500000,0.00012991195489972607,0.0
plate2-F1,5000000,0.00012991195489972607,0.0
plate2-F1,5072,0.00012991195489972607,0.0
plate2-F2,100000,0.0,0.0
plate2-F2,250000,0.0,0.0
plate2-F2,500000,0.0,0.0
plate2-F2,1000000,0.0,0.0
plate2-F2,2500000,0.0,0.0
plate2-F2,5000000,0.0,0.0
plate2-F2,132,0.0,0.0
plate2-G1,100000,0.0,0.0
plate2-G1,250000,0.0,0.0
plate2-G1,500000,0.0,0.0
plate2-G1,1000000,0.0,0.0
plate2-G1,2500000,0.0,0.0
plate2-G1,5000000,0.0,0.0
plate2-G1,208,0.0,0.0
plate2-G2,100000,0.0,0.0
plate2-G2,250000,0.0,0.0
plate2-G2,500000,0.0001785049761980969,0.0
plate2-G2,1000000,0.003321432175174867,0.0
plate2-G2,2500000,0.016253373929992827,0.0
plate2-G2,5000000,0.016253373929992827,0.0
plate2-G2,89572,0.016253373929992827,0.0
plate2-H1,100000,0.0,0.0
plate2-H1,250000,0.0,0.0
plate2-H1,500000,0.0,0.0
plate2-H1,1000000,0.0,0.0
plate2-H1,2500000,0.0,0.0
plate2-H1,5000000,0.0,0.0
plate2-H1,6,0.0,0.0
plate3-A10,100000,0.0,0.0
plate3-A10,250000,0.0,0.0
plate3-A10,500000,7.43770734158737e-06,0.0
plate3-A10,1000000,0.0003513077101009768,1.0
plate3-A10,2500000,0.014743271416072538,3.0
plate3-A10,5000000,0.178753891470462,6.0
plate3-A10,281046,0.4024833513119248,8.0
plate3-A11,100000,0.08834657534484311,5.0
plate3-A11,250000,0.7126478957114427,12.0
plate3-A11,500000,0.9610593873659632,25.0
plate3-A11,1000000,0.9702268575116257,50.0
plate3-A11,2500000,0.9722563599215669,125.0
plate3-A11,5000000,0.9734158984961203,251.0
plate3-A11,14832042,0.974449739816601,453.0
plate3-A12,100000,0.0871156347798104,5.0
plate3-A12,250000,0.7520984871455344,13.0
plate3-A12,500000,0.9682479315116074,26.0
plate3-A12,1000000,0.9728394761771474,51.0
plate3-A12,2500000,0.9745464300120417,128.0
plate3-A12,5000000,0.9757362152631176,255.0
plate3-A12,77051464,0.9792996208504721,2405.0
plate3-A7,100000,0.06346794013438946,4.0
plate3-A7,250000,0.6819266934605942,12.0
plate3-A7,500000,0.9623386730287162,24.0
plate3-A7,1000000,0.0,0.0
plate3-A7,2500000,0.9747358436256741,119.0
plate3-A7,5000000,0.9761076047830408,237.0
plate3-A7,38729114,0.9786297313425731,1258.0
plate3-A8,100000,0.0003691582077207865,1.0
plate3-A8,250000,0.017319693239198405,2.0
plate3-A8,500000,0.15694033545547653,5.0
plate3-A8,1000000,0.15694033545547653,5.0
plate3-A8,2500000,0.15694033545547653,5.0
plate3-A8,5000000,0.15694033545547653,5.0
plate3-A8,209008,0.15694033545547653,5.0
plate3-A9,100000,0.09334595429628008,5.0
plate3-A9,250000,0.7865082963906542,13.0
plate3-A9,500000,0.9669483161154541,27.0
plate3-A9,1000000,0.9701053749583798,54.0
plate3-A9,2500000,0.9721249604251988,136.0
plate3-A9,5000000,0.9735768008982767,272.0
plate3-A9,85254754,0.9775906836269533,2507.0
plate3-B11,100000,0.07901597148482174,5.0
plate3-B11,250000,0.6898295054346087,12.0
plate3-B11,500000,0.9604328844842235,24.0
plate3-B11,1000000,0.9714347411838995,48.0
plate3-B11,2500000,0.9730804578950147,121.0
plate3-B11,5000000,0.9742315670679145,242.0
plate3-B11,14852102,0.9752614416111463,469.0
plate3-B12,100000,0.1579119479578659,6.0
plate3-B12,250000,0.9016754923328394,16.0
plate3-B12,500000,0.9690908716769873,32.0
plate3-B12,1000000,0.9712753263232116,65.0
plate3-B12,2500000,0.9729765779158106,163.0
plate3-B12,5000000,0.9743389179772114,326.0
plate3-B12,16167506,0.9751902875442451,555.0
plate3-B7,100000,0.0,0.0
plate3-B7,250000,0.0,0.0
plate3-B7,500000,0.0,0.0
plate3-B7,1000000,0.0,0.0
plate3-B7,2500000,0.0,0.0
plate3-B7,5000000,0.0003319696710128496,1.0
plate3-B7,179002,0.133585190632158,5.0
plate3-B8,100000,0.0,0.0
plate3-B8,250000,0.0,0.0
plate3-B8,500000,0.0,0.0
plate3-B8,1000000,0.0,0.0
plate3-B8,2500000,0.0,0.0
plate3-B8,5000000,0.0,0.0
plate3-B8,0,0.0,0.0
plate3-B9,100000,0.13250151667248874,6.0
plate3-B9,250000,0.8680414359634472,15.0
plate3-B9,500000,0.96850354072058,30.0
plate3-B9,1000000,0.9706094035925614,61.0
plate3-B9,2500000,0.9724457735351993,153.0
plate3-B9,5000000,0.9739918249679372,306.0
plate3-B9,21206518,0.9754322609564247,692.0
plate3-C10,100000,0.08373916357030778,5.0
plate3-C10,250000,0.7699472493002977,13.0
plate3-C10,500000,0.9701304152397632,26.0
plate3-C10,1000000,0.0,0.0
plate3-C10,2500000,0.9763964357514725,131.0
plate3-C10,5000000,0.9775334132804231,263.0
plate3-C10,17511710,0.9787613787625192,589.0
plate3-C11,100000,0.02593107079928826,3.0
plate3-C11,250000,0.3900960976580891,8.0
plate3-C11,500000,0.8644460482345238,17.0
plate3-C11,1000000,0.967735473475772,33.0
plate3-C11,2500000,0.9712344189328328,83.0
plate3-C11,5000000,0.9726808050871935,166.0
plate3-C11,6410486,0.9729190596457024,196.0
plate3-C12,100000,0.0,0.0
plate3-C12,250000,0.0,0.0
plate3-C12,500000,2.8263287898032007e-05,0.0
plate3-C12,1000000,9.42109596601067e-06,0.0
plate3-C12,2500000,0.0002851121147608492,0.0
plate3-C12,5000000,0.0002851121147608492,0.0
plate3-C12,30128,0.0002851121147608492,0.0
plate3-C7,100000,0.0,0.0
plate3-C7,250000,0.0,0.0
plate3-C7,500000,0.0,0.0
plate3-C7,1000000,0.0,0.0
plate3-C7,2500000,0.0,0.0
plate3-C7,5000000,0.0,0.0
plate3-C7,760,0.0,0.0
plate3-C8,100000,0.0,0.0
plate3-C8,250000,0.0,0.0
plate3-C8,500000,0.0,0.0
plate3-C8,1000000,0.0,0.0
plate3-C8,2500000,0.0,0.0
plate3-C8,5000000,0.0,0.0
plate3-C8,0,0.0,0.0
plate3-C9,100000,0.07521803019262918,5.0
plate3-C9,250000,0.7613033937514829,13.0
plate3-C9,500000,0.9682337998676583,26.0
plate3-C9,1000000,0.9721933873327414,52.0
plate3-C9,2500000,0.9749455869727068,130.0
plate3-C9,5000000,0.9766552679669597,261.0
plate3-C9,69431636,0.9807638575024525,2202.0
plate3-D10,100000,1.2148255324592706e-05,1.0
plate3-D10,250000,0.002911118653497297,2.0
plate3-D10,500000,0.051119362558729994,4.0
plate3-D10,1000000,0.42904836270029434,9.0
plate3-D10,2500000,0.9565310632128268,22.0
plate3-D10,5000000,0.9700738886639672,45.0
plate3-D10,1825530,0.9708347661250115,59.0
plate3-D11,100000,0.09941884234068617,5.0
plate3-D11,250000,0.7992736335010205,13.0
plate3-D11,500000,0.9694674675920497,27.0
plate3-D11,1000000,0.972055293899766,54.0
plate3-D11,2500000,0.9738924076131381,135.0
plate3-D11,5000000,0.9750437647096158,269.0
plate3-D11,13549114,0.9759581068654749,439.0
plate3-D12,100000,0.0,0.0
plate3-D12,250000,0.0,0.0
plate3-D12,500000,6.594767176207469e-05,0.0
plate3-D12,1000000,0.0,0.0
plate3-D12,2500000,0.0004740298812371684,1.0
plate3-D12,5000000,0.0044673349529354275,2.0
plate3-D12,198888,0.04029030859295684,4.0
plate3-D7,100000,0.0,0.0
plate3-D7,250000,0.0,0.0
plate3-D7,500000,0.0,0.0
plate3-D7,1000000,0.0,0.0
plate3-D7,2500000,0.0,0.0
plate3-D7,5000000,0.0,0.0
plate3-D7,6,0.0,0.0
plate3-D8,100000,0.0,0.0
plate3-D8,250000,0.0,0.0
plate3-D8,500000,0.0,0.0
plate3-D8,1000000,0.0,0.0
plate3-D8,2500000,0.0,0.0
plate3-D8,5000000,0.0,0.0
plate3-D8,0,0.0,0.0
plate3-D9,100000,0.09102538960570482,5.0
plate3-D9,250000,0.7685769756843992,13.0
plate3-D9,500000,0.9665102351530346,26.0
plate3-D9,1000000,0.97001240361661,53.0
plate3-D9,2500000,0.9718906726439388,134.0
plate3-D9,5000000,0.9731382240887011,268.0
plate3-D9,129859660,0.9776759693378035,3762.0
plate3-E10,100000,0.0,0.0
plate3-E10,250000,0.0,0.0
plate3-E10,500000,0.0,0.0
plate3-E10,1000000,0.0,0.0
plate3-E10,2500000,0.0,0.0
plate3-E10,5000000,0.0,0.0
plate3-E10,1466,1.4131643949016003e-05,0.0
plate3-E11,100000,0.04080524586457274,3.0
plate3-E11,250000,0.4218332907317985,9.0
plate3-E11,500000,0.879951684653109,17.0
plate3-E11,1000000,0.9671092185176103,35.0
plate3-E11,2500000,0.9707695622239836,86.0
plate3-E11,5000000,0.971886953790268,172.0
plate3-E11,6457630,0.972003725795531,183.0
plate3-E12,100000,0.0,0.0
plate3-E12,250000,0.0,0.0
plate3-E12,500000,0.0,0.0
plate3-E12,1000000,9.916943122116494e-06,0.0
plate3-E12,2500000,0.00024420472438211867,0.0
plate3-E12,5000000,0.005805626427265048,2.0
plate3-E12,75432,0.010954999143424038,2.0
plate3-E7,100000,0.0019397540746859863,1.0
plate3-E7,250000,0.058348318247596814,4.0
plate3-E7,500000,0.36699185149576014,8.0
plate3-E7,1000000,0.852901734746068,16.0
plate3-E7,2500000,0.9692411133652874,41.0
plate3-E7,5000000,0.9708590626356607,70.0
plate3-E7,2544186,0.9708590626356607,70.0
plate3-E9,100000,0.11761717674050409,6.0
plate3-E9,250000,0.8501929217322619,15.0
plate3-E9,500000,0.9695941565404347,29.0
plate3-E9,1000000,0.972008188419936,59.0
plate3-E9,2500000,0.9741328934838493,148.0
plate3-E9,5000000,0.9753392896146549,295.0
plate3-E9,10315066,0.9756315915131792,346.0
plate3-F10,100000,0.0010715257043446872,1.0
plate3-F10,250000,0.04878094737053493,4.0
plate3-F10,500000,0.38158785630646924,8.0
plate3-F10,1000000,0.8889074280631144,17.0
plate3-F10,2500000,0.9695220107792213,42.0
plate3-F10,5000000,0.970916828829347,85.0
plate3-F10,3814786,0.9709698844750503,87.0
plate3-F11,100000,0.00017602574041756776,1.0
plate3-F11,250000,0.015080695405802553,3.0
plate3-F11,500000,0.17644299579943082,6.0
plate3-F11,1000000,0.7180367626040008,12.0
plate3-F11,2500000,0.9686029580753792,31.0
plate3-F11,5000000,0.9707611328223298,63.0
plate3-F11,5011496,0.9719283570278029,124.0
plate3-F12,100000,0.0,0.0
plate3-F12,250000,0.0,0.0
plate3-F12,500000,0.0,0.0
plate3-F12,1000000,0.0,0.0
plate3-F12,2500000,5.702242295216984e-06,0.0
plate3-F12,5000000,0.00026800538787519825,0.0
plate3-F12,51162,0.0009431012909132786,0.0
plate3-F7,100000,0.0,0.0
plate3-F7,250000,0.0,0.0
plate3-F7,500000,0.0,0.0
plate3-F7,1000000,0.0,0.0
plate3-F7,2500000,4.958471561058247e-06,0.0
plate3-F7,5000000,4.958471561058247e-06,0.0
plate3-F7,664,4.958471561058247e-06,0.0
plate3-F9,100000,0.10126488130286815,5.0
plate3-F9,250000,0.82739337364736,14.0
plate3-F9,500000,0.96928152490851,28.0
plate3-F9,1000000,0.9721668595098898,57.0
plate3-F9,2500000,0.9738254682470637,142.0
plate3-F9,5000000,0.9752210300679236,283.0
plate3-F9,20662818,0.9769574868086062,680.0
plate3-G10,100000,0.020893511616831135,3.0
plate3-G10,250000,0.4257180052763096,9.0
plate3-G10,500000,0.9205233865071559,18.0
plate3-G10,1000000,0.9690370722605498,36.0
plate3-G10,2500000,0.9711146718446332,91.0
plate3-G10,5000000,0.9724232124895965,183.0
plate3-G10,12152794,0.9737575371866772,349.0
plate3-G11,100000,0.022974086283851176,3.0
plate3-G11,250000,0.43365701409271995,9.0
plate3-G11,500000,0.9223168656707907,18.0
plate3-G11,1000000,0.9697838180776452,36.0
plate3-G11,2500000,0.9717513395930731,90.0
plate3-G11,5000000,0.9729212909579048,180.0
plate3-G11,7404294,0.9732480542337786,213.0
plate3-G12,100000,0.10985865628891625,5.0
plate3-G12,250000,0.8357642653367385,14.0
plate3-G12,500000,0.9696581208235724,28.0
plate3-G12,1000000,0.9722256173978884,57.0
plate3-G12,2500000,0.9741033905780611,142.0
plate3-G12,5000000,0.9753953203432948,284.0
plate3-G12,10995986,0.9757927418389136,365.0
plate3-G7,100000,0.0,0.0
plate3-G7,250000,0.0,0.0
plate3-G7,500000,0.0,0.0
plate3-G7,1000000,0.0,0.0
plate3-G7,2500000,0.0,0.0
plate3-G7,5000000,0.0,0.0
plate3-G7,0,0.0,0.0
plate3-G9,100000,0.10467581388972012,5.0
plate3-G9,250000,0.7872369437865517,13.0
plate3-G9,500000,0.968953522014746,27.0
plate3-G9,1000000,0.9726136177975412,54.0
plate3-G9,2500000,0.9742035517035945,135.0
plate3-G9,5000000,0.9754649868687277,269.0
plate3-G9,13227106,0.9762776803575851,420.0
plate3-H10,100000,0.00010264036131390571,1.0
plate3-H10,250000,0.008474275821426597,2.0
plate3-H10,500000,0.11713942800559612,5.0
plate3-H10,1000000,0.5845549561038909,11.0
plate3-H10,2500000,0.9605375082341618,27.0
plate3-H10,5000000,0.9669780669448204,54.0
plate3-H10,5062922,0.9685732072460128,122.0
plate3-H11,100000,0.04204560752557146,4.0
plate3-H11,250000,0.6178012599972084,11.0
plate3-H11,500000,0.9593192117716098,22.0
plate3-H11,1000000,0.9710650871290226,44.0
plate3-H11,2500000,0.9730712847226268,109.0
plate3-H11,5000000,0.9745097373224898,217.0
plate3-H11,8271448,0.9750169889631861,265.0
plate3-H7,100000,0.0,0.0
plate3-H7,250000,0.0,0.0
plate3-H7,500000,0.0,0.0
plate3-H7,1000000,0.0,0.0
plate3-H7,2500000,0.0,0.0
plate3-H7,5000000,0.0,0.0
plate3-H7,928,0.0,0.0
plate3-H9,100000,0.12024541459144301,6.0
plate3-H9,250000,0.8649210698100732,15.0
plate3-H9,500000,0.9695857271387809,30.0
plate3-H9,1000000,0.9719375302001908,60.0
plate3-H9,2500000,0.9738849699057964,149.0
plate3-H9,5000000,0.9750685570674211,298.0
plate3-H9,13970338,0.9758636479822368,472.0
