cell,classified,unclassified,R2_bacteria,R2_eurkaryote,R2_archaea,O_vibrionales,S_homo-sapiens
plate0-A10,7856494,1374603,1174163,6644553,378,795560,6644552
plate0-A11,7424444,742030,595588,6795160,145,369011,6795158
plate0-A12,945515,589002,895004,38918,56,601941,38918
plate0-A1,1341945,251116,1241134,67036,43,473624,67036
plate0-A2,9759284,386433,1955188,7765475,117,1800645,7765475
plate0-A3,9830246,420698,164261,9622625,120,42107,9622625
plate0-A4,8742394,473115,866675,7835868,111,603517,7835867
plate0-A5,6816010,1525102,1586248,5187890,229,654578,5187889
plate0-A6,7690987,502123,7594510,65740,185,6929494,65740
plate0-A7,5807337,347586,825342,4917840,110,81103,4917840
plate0-A8,7446344,325082,2364147,5037908,75,1670409,5037908
plate0-A9,6393952,346895,5911253,454570,213,5602649,454569
plate0-B10,8816461,4268254,5963675,2718336,6988,2967776,2718335
plate0-B11,20234877,1340360,4153977,15724240,622,2527367,15724239
plate0-B1,2164175,217780,1901391,203197,288,443470,203197
plate0-B2,7443448,3874780,3373007,3739422,0,2554184,3739422
plate0-B3,15735275,647032,2089191,13357252,952,433659,13357250
plate0-B4,13179873,531957,5848888,7022688,1059,2493359,7022687
plate0-B5,5874581,5024114,2851156,2876988,1657,603370,2876988
plate0-B6,8226086,744051,7070385,1056237,1504,6051995,1056237
plate0-B7,8349124,1452185,3329678,4808234,2754,69520,4808234
plate0-B8,10950918,1634112,9535542,1210484,0,3735956,0
plate0-B9,6011695,820002,4529317,1386887,1636,3784970,1386885
plate0-C10,199119,239830,171116,26980,191,1443,26980
plate0-C11,434090,235566,280239,150139,42,44261,150139
plate0-C12,44867,144535,36616,7968,0,62,7968
plate0-C1,29488,103029,22897,5460,2,13,5460
plate0-C2,58245,100060,52576,5445,3,46,5445
plate0-C3,2428366,304950,541377,1871327,26,25036,1871327
plate0-C4,131740,233568,115538,15744,4,1138,15744
plate0-C5,188908,308478,116840,59154,52,3694,59154
plate0-C6,990258,366200,961975,23814,438,53000,23814
plate0-C7,189518,157965,177919,9480,2,574,9480
plate0-C8,68679,19644,65454,2065,2,320,2065
plate0-C9,30116,105000,24853,5085,1,128,5085
plate0-D11,14445668,1360279,2343662,11978179,969,1867592,11978177
plate0-D1,233855,191421,149336,75511,40,37252,75511
plate0-D2,129798,127887,56608,69039,63,29754,69039
plate0-D3,19167239,753758,2038357,16926004,1496,520377,16926003
plate0-D4,6254062,1568841,2118498,3996487,958,1306907,3996485
plate0-D5,604477,718834,220105,348732,225,25550,348732
plate0-D6,627535,300190,558522,56242,96,485035,56242
plate0-D7,5681815,1131646,1710203,3795165,2618,37996,3795165
plate0-D8,246125,202989,186119,52251,62,26004,52251
plate0-D9,242694,205189,162355,75885,69,122939,75885
plate0-E10,7621433,810479,7452412,35269,155,1389909,35269
plate0-E11,7441440,416333,7162767,198655,243,483053,198655
plate0-E12,10346093,790700,9899350,230279,660,7323828,230279
plate0-E1,7343083,922718,6725191,528755,1124,1141907,528755
plate0-E2,8188543,821135,7537528,565781,0,3232756,0
plate0-E3,8383468,953577,7893460,389680,1160,1832578,389680
plate0-E4,7180072,2035846,6599907,433677,782,387368,433677
plate0-E5,6624922,786108,6103589,447577,989,167772,447577
plate0-E6,9283821,626386,8702367,445964,738,977781,445964
plate0-E7,7272795,460441,6893632,72836,329,35235,72836
plate0-E8,6927887,1276431,6682635,146540,401,699643,146540
plate0-E9,6514422,894237,6298611,160320,314,279030,160320
plate0-F10,687920,259202,671046,12890,68,1226,12890
plate0-F11,5789597,932404,5631555,49588,382,3452438,49588
plate0-F12,2302715,282373,2280516,13849,72,1988050,13849
plate0-F1,7883036,457556,7754271,77177,336,5496731,77177
plate0-F2,7456576,374942,7359264,38913,40,6424908,38913
plate0-F3,7923683,513587,7740425,15737,155,1004604,15737
plate0-F4,9793043,705347,9711427,6938,127,6021652,6938
plate0-F5,7413954,622790,7334934,30263,118,5703907,30263
plate0-F6,6672387,575813,6638390,5051,30,4297645,5051
plate0-F7,3734856,513691,3604921,49531,190,17726,49531
plate0-F8,6164601,552030,6076756,40265,227,3151108,40265
plate0-F9,5969655,428067,5800877,56833,265,1990771,56833
plate0-G10,7096599,595203,7035859,42629,113,2530854,42629
plate0-G11,6089896,516163,6011886,52481,165,3857439,52481
plate0-G12,7779441,282581,7700416,49977,201,6371818,49977
plate0-G1,7937079,816527,7529131,353016,885,3034118,353016
plate0-G2,8013757,493097,7868141,67126,251,6414627,67126
plate0-G3,10090086,4469958,9931371,80388,1044,2120398,80388
plate0-G4,11413405,1321476,11308095,83653,546,1990777,83653
plate0-G5,7447742,507621,7313608,114775,306,1051253,114775
plate0-G6,8201698,683873,8079588,26527,149,4438808,26527
plate0-G7,8861874,391496,8739623,76550,247,6953271,76550
plate0-G8,7920764,679074,7795478,95678,448,850765,95678
plate0-G9,8521885,305395,8413842,39524,172,3912951,39524
plate0-H10,5326586,480717,5283484,26990,95,5049631,26990
plate0-H11,6891258,783095,6780027,84613,360,6320626,84613
plate0-H1,5718074,1536212,5544454,23555,186,4902561,23555
plate0-H2,52862,204305,39919,12103,13,35231,12103
plate0-H3,6872422,1033785,6785909,60232,223,6392859,60232
plate0-H4,5268090,1088727,5196682,48604,185,5028959,48604
plate0-H5,5839021,773727,5770415,47941,192,5491764,47941
plate0-H6,5776925,520138,5686722,68874,248,5460361,68874
plate0-H7,6093308,645268,6027890,34498,112,5311937,34498
plate0-H8,6408527,629812,6282335,75831,262,2056878,75831
plate0-H9,4338406,1187624,4226299,57114,659,2303702,57114
plate1-A10,593039,193436,550592,33297,51,5121,33297
plate1-A11,4176531,2154449,3788340,289151,555,28336,289151
plate1-A12,10654708,1169984,10430750,186838,361,10064985,186838
plate1-A1,79673763,6665973,75529306,3566914,4507,69568248,3566914
plate1-A2,11311195,1084256,10784434,470263,535,10386270,470263
plate1-A3,5914003,192466,5863699,30117,79,5663049,30117
plate1-A5,3781413,139721,3747753,15358,29,3596013,15358
plate1-A6,135272,183059,58646,69248,19,50168,69248
plate1-A7,96,3,3,92,0,0,92
plate1-A8,18774696,8131122,16123068,2441288,3295,2906610,2441288
plate1-A9,582820,87548,476433,97063,131,281427,97063
plate1-B10,1949546,1794310,1806500,128347,432,2427,128347
plate1-B11,14079900,7132823,13546711,436414,1715,21349,436414
plate1-B12,2856283,83510,2828447,17898,46,2719892,17898
plate1-B1,4420181,229803,4185345,212551,377,3957176,212551
plate1-B2,8883713,690019,8440951,397720,730,8003957,397720
plate1-B3,3627785,107794,3592100,21001,48,3451293,21001
plate1-B4,10482028,500026,9976867,457758,820,9474309,457758
plate1-B5,4033442,129715,3985291,31382,76,3827656,31382
plate1-B6,3787653,425366,3582840,182086,201,2951864,182086
plate1-B7,8,1,0,8,0,0,8
plate1-B8,1401293,226905,1090872,255522,32,26003,255522
plate1-B9,33414295,3984432,18203939,14490340,12644,6428966,14490340
plate1-C10,1936819,5595525,914573,982160,1009,7047,982160
plate1-C12,96162451,3837549,91351794,3755302,5063,80504882,3755302
plate1-C1,15016091,1031653,14518031,416966,557,13679133,416966
plate1-C2,7590723,529689,7381334,177581,259,7142538,177581
plate1-C3,4205078,194961,4137574,50902,48,3988124,50902
plate1-C4,25397420,677087,22516971,1492562,2258,21242139,1492562
plate1-C5,7250710,243803,7181151,41917,112,6900980,41917
plate1-C6,6856782,512542,6732103,102961,368,6444437,102961
plate1-C7,1,0,0,1,0,0,1
plate1-C9,11342336,1818648,10234468,867800,860,381867,867800
plate1-D10,22456290,10157779,20932699,1346826,3172,99669,1346826
plate1-D11,189532,41018,109368,73247,10,28342,73247
plate1-D12,1677,1037,562,1049,0,7,1049
plate1-D1,9425641,672024,9158857,229610,291,8874346,229610
plate1-D2,38677695,2884676,34043028,4290063,6225,31106578,4290063
plate1-D3,7379570,549713,7317016,57751,314,433,57751
plate1-D4,24187696,1527391,22513520,1150540,1371,21553647,1150540
plate1-D5,68997893,2233025,68396878,364169,998,66023667,364169
plate1-D6,1251,84,1140,106,0,132,106
plate1-D8,1938080,2159315,1540395,363978,713,9648,363978
plate1-D9,2086483,1724674,1483165,573947,1405,2929,573946
plate1-E10,11044284,2044206,930146,9895182,1827,431840,9895181
plate1-E11,6272319,834113,5866512,315285,541,244572,315285
plate1-E12,65558475,34441525,60909504,4034465,12110,421034,4034465
plate1-E1,6757954,307458,6573901,158315,378,6288953,158315
plate1-E2,5417139,171690,5364485,34396,73,5184859,34396
plate1-E3,4680436,183328,4626161,34967,53,4454856,34967
plate1-E4,9689180,318311,9554770,85475,117,9078181,85475
plate1-E5,9144153,295221,9060141,50995,138,8742683,50995
plate1-E6,3691953,208969,3397116,286230,137,6932,286230
plate1-E7,2977197,549650,2784116,138199,471,809556,138199
plate1-E8,11058538,1468892,9318682,1593309,3137,1728802,1593309
plate1-E9,122747,90160,85136,35577,84,259,35577
plate1-F10,12601777,1221996,7800299,4537153,3142,3259968,4537153
plate1-F11,5080599,3732267,4921981,147208,914,311,147208
plate1-F12,556979,158125,441243,109871,62,241,109871
plate1-F2,3607065,138404,3545515,46981,92,3406252,46981
plate1-F3,6083359,204341,6013221,48074,103,5788920,48074
plate1-F4,5438195,170770,5375602,38784,90,5135935,38784
plate1-F5,8159336,1259177,7690532,425788,1104,7089172,425788
plate1-F6,5141927,858921,4967909,155350,199,342157,155350
plate1-F7,9243529,1062486,8201256,410636,728,2056870,410634
plate1-F9,4900840,1418113,4389560,427307,1057,2044,427307
plate1-G10,7848307,1227749,6904651,775405,715,104843,775405
plate1-G11,323123,74919,72544,246915,31,59554,246915
plate1-G12,411509,216994,370283,39424,29,837,39424
plate1-G1,5080066,431163,4868865,188522,198,4699738,188522
plate1-G2,4742132,150912,4698290,29767,60,4540975,29767
plate1-G3,7465658,282547,7388974,45547,43,7123761,45547
plate1-G4,14618321,1485522,13861257,675890,806,13314491,675890
plate1-G5,90547,152576,43814,46124,9,40370,46124
plate1-G6,8846585,752302,8136217,661237,1181,4052016,661237
plate1-G7,6058412,448251,5807906,220313,556,5243382,220313
plate1-G8,15190734,5689068,10982825,3800818,2586,46317,3800818
plate1-G9,36902,20842,6672,29163,4,165,29163
plate1-H10,26990,31103,21760,5093,2,12,5093
plate1-H11,21016844,8194291,18807289,1861957,2331,12567389,1861957
plate1-H12,761046,126064,672630,63403,71,625726,63403
plate1-H1,8725208,1014676,8596615,100770,371,509,100770
plate1-H2,5806723,192046,5728732,53274,76,5483044,53274
plate1-H3,27834175,1609284,26618014,1037344,1914,23885619,1037344
plate1-H4,3151208,144585,3091034,47664,66,2984853,47664
plate1-H5,7287255,1322463,7107217,153813,203,2254362,153813
plate1-H6,4241515,435211,4146777,68917,133,2912805,68917
plate1-H7,7588620,899284,6870253,623045,1688,1340177,623045
plate1-H8,68685650,31314350,61704139,6476432,29997,504141,6476432
plate1-H9,54162,71770,28345,25389,14,4228,25389
plate2-A1,160,14,1,158,0,0,158
plate2-A2,20879,60015,5953,14783,7,1691,14783
plate2-B1,167,13,3,163,0,0,163
plate2-B2,1819591,1806205,1664928,144458,3819,128246,144458
plate2-C1,140,13,4,136,0,0,136
plate2-C2,11985660,790429,5789004,6109199,856,2678855,6109199
plate2-D1,132,13,2,127,0,0,127
plate2-D2,63043,80006,49064,13770,12,6985,13770
plate2-E1,550855,811715,382405,161237,158,7980,161237
plate2-E2,137530,117411,38691,97953,11,2433,97953
plate2-F1,47681,68000,25245,22097,27,13380,22096
plate2-F2,228269,125123,78437,142491,50,4652,142491
plate2-G1,611662,194438,439255,159069,90,3333,159069
plate2-G2,1347834,144641,1287162,56194,97,58002,56194
plate2-H1,17172,40136,10624,5846,2,608,5846
plate3-A10,5309667,1593883,5194251,89008,808,403433,89008
plate3-A11,8135575,898876,7864954,232050,695,7441412,232050
plate3-A12,45749204,1360524,45260128,310513,800,43610759,310513
plate3-A7,22494859,4077795,21149500,904010,2103,19230581,904008
plate3-A8,264236,229548,182349,77601,71,111609,77601
plate3-A9,43072644,2840031,40109179,2684371,6493,37103322,2684371
plate3-B11,9081883,618587,8972856,82197,242,8585295,82197
plate3-B12,8312244,209214,8162889,107501,50,7568056,107501
plate3-B7,18485419,821488,2640513,15548073,1454,85730,15548073
plate3-B8,128792,117008,49926,77004,20,262,77004
plate3-B9,10766553,509983,10303462,414683,859,9766634,414683
plate3-C10,10731460,433193,10612361,89946,260,10189570,89946
plate3-C11,4556404,1324842,4457876,85058,170,3468688,85058
plate3-C12,1284013,136009,924059,334480,70,13626,334480
plate3-C7,147503,156242,52338,92474,77,5390,92474
plate3-C8,38457,75535,10946,26965,8,285,26965
plate3-C9,38062810,3974372,35957697,1910817,2249,34487252,1910817
plate3-D10,5819689,712246,5670546,64996,123,1003455,64996
plate3-D11,7936182,219391,7802973,56001,150,7568539,56001
plate3-D12,7634800,511124,6000706,1488823,251,62840,1488823
plate3-D7,16828032,1586711,7193449,9120956,951,1201,9120955
plate3-D8,44848,55276,14510,29770,9,105,29770
plate3-D9,67286424,2641046,64131321,2338584,3717,56364240,2338584
plate3-E10,8034930,5971338,5922519,2004403,6610,63852,2004392
plate3-E11,5133363,180133,5086777,31906,74,4963770,31906
plate3-E12,5484153,303982,4504479,851990,99,50561,851990
plate3-E7,2459288,1835277,2296256,151222,966,1368664,151222
plate3-E9,5632994,238068,5570051,44154,84,5397721,44154
plate3-F10,4453338,664184,4147299,252471,232,1548856,252471
plate3-F11,9029677,822225,8541374,445889,329,2119582,445889
plate3-F12,5886644,447637,5684460,58369,295,31644,58369
plate3-F7,1714888,160373,336371,1332056,82,5406,1332056
plate3-F9,11597674,405228,11423244,131121,391,10959032,131121
plate3-G10,8628940,909442,8000673,577756,1222,5442710,577756
plate3-G11,5555736,352749,5317897,209690,472,3623881,209690
plate3-G12,6218345,218133,6163439,33407,59,5976928,33407
plate3-G7,50775,102047,28999,20901,43,229,20900
plate3-G9,7586122,212442,7520853,36992,88,7207671,36992
plate3-H10,10171451,1032698,8534406,1125633,1220,2045931,1125633
plate3-H11,5676899,442291,5611226,48003,100,5311844,48003
plate3-H7,202415,45781,121958,74007,25,42,74007
plate3-H9,7676388,229834,7599351,44733,94,7278435,44733
